EyeMatched_Layer1	EyeMatched_Layer2	EyeMatched_Layer3	EyeMatched_Layer4	EyeMatched_Layer5	EyeMatched_Layer6	EyeMatched_Layer7	EyeMatched_Layer8
1.654824e-05	-1.932154e-04	1.588528e-04	1.251649e-03	2.848776e-03	3.786244e-03	2.684892e-03	8.912245e-04
-1.495982e-03	-4.610820e-03	-5.589788e-03	-4.688946e-03	-2.707867e-04	4.509949e-03	8.645522e-03	9.034873e-03
5.121241e-03	-1.823722e-03	-1.019539e-02	-1.557824e-02	-1.388834e-02	-3.983120e-03	1.011439e-02	2.355887e-02
3.034936e-02	2.518809e-02	8.027709e-03	-1.623599e-02	-3.730769e-02	-4.241456e-02	-2.069101e-02	2.896875e-02
9.421723e-02	1.494067e-01	1.621176e-01	1.046118e-01	-3.818822e-02	-2.592368e-01	-5.280030e-01	-7.965725e-01
-1.013015e+00	-1.138061e+00	-1.156832e+00	-1.085714e+00	-9.647533e-01	-8.433762e-01	-7.600878e-01	-7.288320e-01
-7.331163e-01	-7.330351e-01	-6.815687e-01	-5.506616e-01	-3.500272e-01	-1.326526e-01	2.318605e-02	4.201459e-02
-1.119202e-01	-4.066154e-01	-7.399804e-01	-9.681844e-01	-9.648290e-01	-6.905466e-01	-2.519529e-01	8.764620e-02
-4.366481e-02	-1.010294e+00	-3.007600e+00	-5.897316e+00	-9.089737e+00	-1.152845e+01	-1.180780e+01	-8.420859e+00
-1.008180e-01	1.381777e+01	3.310428e+01	5.650058e+01	8.178810e+01	1.060773e+02	1.262732e+02	1.396192e+02
1.442127e+02	1.393709e+02	1.257707e+02	1.053178e+02	8.078592e+01	5.530213e+01	3.179525e+01	1.252146e+01
-1.237791e+00	-9.258393e+00	-1.223416e+01	-1.148644e+01	-8.586796e+00	-5.005778e+00	-1.846592e+00	2.816330e-01
1.251062e+00	1.293411e+00	8.206339e-01	2.533956e-01	-1.088398e-01	-1.475945e-01	8.649302e-02	4.393365e-01
7.346642e-01	8.453359e-01	7.341547e-01	4.529565e-01	1.121840e-01	-1.630373e-01	-2.806201e-01	-2.092389e-01
1.522962e-02	3.107375e-01	5.775315e-01	7.335594e-01	7.336761e-01	5.810367e-01	3.231387e-01	3.132940e-02
-2.211143e-01	-3.775172e-01	-4.107571e-01	-3.246073e-01	-1.445325e-01	8.784330e-02	3.302553e-01	5.447814e-01
7.060146e-01	8.027788e-01	8.382602e-01	8.236140e-01	7.706998e-01	6.939929e-01	6.043599e-01	5.088392e-01
4.114723e-01	3.122357e-01	2.132854e-01	1.158177e-01	2.676842e-02	-4.506695e-02	-9.264971e-02	-1.064394e-01
-8.372548e-02	-2.805710e-02	5.103079e-02	1.369642e-01	2.103694e-01	2.499560e-01	2.395825e-01	1.693536e-01
4.005295e-02	-1.348369e-01	-3.376664e-01	-5.372551e-01	-7.014366e-01	-8.069107e-01	-8.399864e-01	-8.042710e-01
-7.204289e-01	-6.202213e-01	-5.377253e-01	-4.996363e-01	-5.167163e-01	-5.792638e-01	-6.597558e-01	-7.189490e-01
-7.181552e-01	-6.352466e-01	-4.715393e-01	-2.557373e-01	-3.255901e-02	1.522214e-01	2.666613e-01	3.101858e-01
3.083884e-01	3.038958e-01	3.322454e-01	4.053752e-01	4.940309e-01	5.304491e-01	4.305166e-01	1.269030e-01
-3.899004e-01	-1.043633e+00	-1.682298e+00	-2.115766e+00	-2.184455e+00	-1.835694e+00	-1.190376e+00	-5.472088e-01
-3.322981e-01	-9.649779e-01	-2.693540e+00	-5.416377e+00	-8.566563e+00	-1.109836e+01	-1.160609e+01	-8.583558e+00
-7.640880e-01	1.251698e+01	3.104003e+01	5.357307e+01	7.795196e+01	1.013687e+02	1.208327e+02	1.336980e+02
1.381598e+02	1.335953e+02	1.206794e+02	1.012518e+02	7.795938e+01	5.376907e+01	3.143952e+01	1.308520e+01
-9.822056e-02	-7.904234e+00	-1.097834e+01	-1.054501e+01	-8.057381e+00	-4.872959e+00	-2.013115e+00	-4.839147e-02
8.876799e-01	9.910847e-01	6.274699e-01	1.731611e-01	-1.002132e-01	-8.287582e-02	1.867438e-01	5.692121e-01
9.027546e-01	1.063423e+00	9.976229e-01	7.345834e-01	3.609926e-01	-1.907112e-02	-3.160074e-01	-4.828223e-01
-5.199282e-01	-4.628187e-01	-3.654886e-01	-2.772221e-01	-2.253628e-01	-2.157919e-01	-2.343934e-01	-2.531579e-01
-2.487388e-01	-2.090107e-01	-1.362343e-01	-4.787477e-02	3.230848e-02	8.260423e-02	9.098809e-02	5.969289e-02
1.423679e-03	-6.284556e-02	-1.098357e-01	-1.180801e-01	-7.496775e-02	2.027701e-02	1.573568e-01	3.160235e-01
4.718146e-01	6.019662e-01	6.860654e-01	7.122924e-01	6.793166e-01	5.927543e-01	4.628920e-01	3.064223e-01
1.368390e-01	-3.395972e-02	-1.987044e-01	-3.496651e-01	-4.791455e-01	-5.834765e-01	-6.572924e-01	-6.964050e-01
-6.965431e-01	-6.576631e-01	-5.785896e-01	-4.619217e-01	-3.141317e-01	-1.455503e-01	2.309137e-02	1.688626e-01
2.675081e-01	3.000416e-01	2.575386e-01	1.483353e-01	-2.700472e-03	-1.561862e-01	-2.674566e-01	-2.981732e-01
-2.293276e-01	-7.281254e-02	1.295993e-01	3.136406e-01	4.099106e-01	3.687506e-01	1.753677e-01	-1.408980e-01
-5.075631e-01	-8.362278e-01	-1.050642e+00	-1.112751e+00	-1.044315e+00	-9.212718e-01	-8.480112e-01	-9.171062e-01
-1.162515e+00	-1.533956e+00	-1.902509e+00	-2.098442e+00	-1.976415e+00	-1.498969e+00	-7.868343e-01	-1.341161e-01
5.313882e-02	-6.195384e-01	-2.371284e+00	-5.076998e+00	-8.153341e+00	-1.055328e+01	-1.088193e+01	-7.646925e+00
3.994116e-01	1.391286e+01	3.267062e+01	5.544621e+01	8.007872e+01	1.037611e+02	1.234923e+02	1.366024e+02
1.412441e+02	1.367469e+02	1.237459e+02	1.040538e+02	8.032131e+01	5.554516e+01	3.254121e+01	1.349672e+01
-3.179938e-01	-8.635176e+00	-1.206152e+01	-1.180611e+01	-9.339362e+00	-6.059488e+00	-3.040854e+00	-9.083544e-01
1.567310e-01	3.134090e-01	-9.045176e-02	-6.762447e-01	-1.152639e+00	-1.373499e+00	-1.333227e+00	-1.120817e+00
-8.555074e-01	-6.321506e-01	-4.879061e-01	-4.034423e-01	-3.240427e-01	-1.949959e-01	7.275003e-03	2.694318e-01
5.398807e-01	7.502898e-01	8.399372e-01	7.766861e-01	5.657027e-01	2.487991e-01	-1.102209e-01	-4.420299e-01
-6.923885e-01	-8.299647e-01	-8.488947e-01	-7.642926e-01	-6.033105e-01	-3.955400e-01	-1.674905e-01	6.147986e-02
2.789565e-01	4.771633e-01	6.492629e-01	7.918676e-01	8.979540e-01	9.624801e-01	9.820938e-01	9.554885e-01
8.815137e-01	7.625756e-01	5.990055e-01	3.895810e-01	1.406848e-01	-1.408008e-01	-4.356041e-01	-7.196591e-01
-9.599761e-01	-1.127763e+00	-1.203165e+00	-1.177967e+00	-1.060492e+00	-8.724132e-01	-6.431459e-01	-4.036426e-01
-1.809406e-01	1.375509e-02	1.797894e-01	3.283799e-01	4.690829e-01	6.060570e-01	7.318733e-01	8.229856e-01
8.412684e-01	7.503448e-01	5.271408e-01	1.704381e-01	-2.880745e-01	-7.815826e-01	-1.224719e+00	-1.528773e+00
-1.628758e+00	-1.500322e+00	-1.169577e+00	-7.076703e-01	-2.172767e-01	1.982143e-01	4.627492e-01	5.518544e-01
4.917403e-01	3.481695e-01	2.000609e-01	1.082403e-01	8.553822e-02	9.452437e-02	6.162832e-02	-9.064734e-02
-3.992443e-01	-8.298810e-01	-1.274148e+00	-1.583805e+00	-1.627237e+00	-1.365983e+00	-9.141641e-01	-5.479927e-01
-6.513181e-01	-1.597797e+00	-3.584611e+00	-6.463083e+00	-9.628540e+00	-1.200559e+01	-1.217554e+01	-8.625985e+00
-1.016407e-01	1.404256e+01	3.355278e+01	5.714788e+01	8.259480e+01	1.070081e+02	1.273065e+02	1.407579e+02
1.454802e+02	1.408026e+02	1.273908e+02	1.071199e+02	8.271818e+01	5.726785e+01	3.366372e+01	1.414914e+01
2.212916e-02	-8.443705e+00	-1.187711e+01	-1.153085e+01	-8.921012e+00	-5.490457e+00	-2.345168e+00	-1.279205e-01
9.842892e-01	1.166638e+00	7.907503e-01	2.579652e-01	-1.256587e-01	-2.143936e-01	-1.985234e-02	3.359803e-01
6.929073e-01	9.189112e-01	9.522427e-01	8.072739e-01	5.565452e-01	3.031095e-01	1.363347e-01	1.095820e-01
2.251993e-01	4.453969e-01	7.102928e-01	9.554029e-01	1.132655e+00	1.220118e+00	1.217516e+00	1.145312e+00
1.029317e+00	8.980646e-01	7.729417e-01	6.677602e-01	5.881860e-01	5.336868e-01	4.976452e-01	4.741269e-01
4.526561e-01	4.215973e-01	3.700489e-01	2.920520e-01	1.854370e-01	5.780028e-02	-7.656873e-02	-1.978493e-01
-2.867866e-01	-3.295543e-01	-3.220619e-01	-2.734199e-01	-2.041687e-01	-1.372012e-01	-9.712439e-02	-9.783003e-02
-1.370022e-01	-1.968888e-01	-2.459046e-01	-2.519640e-01	-1.909288e-01	-5.560669e-02	1.397939e-01	3.637334e-01
5.721440e-01	7.246696e-01	7.948670e-01	7.815528e-01	7.039059e-01	6.015656e-01	5.165667e-01	4.848134e-01
5.199186e-01	6.072257e-01	7.132546e-01	7.896214e-01	7.958198e-01	7.133625e-01	5.496502e-01	3.403252e-01
1.348921e-01	-1.724358e-02	-8.516357e-02	-6.414495e-02	2.125991e-02	1.318191e-01	2.326508e-01	3.027887e-01
3.438277e-01	3.763497e-01	4.273767e-01	5.063594e-01	5.945376e-01	6.368625e-01	5.654760e-01	3.252883e-01
-9.192117e-02	-6.239361e-01	-1.139382e+00	-1.477560e+00	-1.506080e+00	-1.188086e+00	-6.442920e-01	-1.555079e-01
-1.119703e-01	-8.903551e-01	-2.696185e+00	-5.400550e+00	-8.430459e+00	-1.076228e+01	-1.104464e+01	-7.835541e+00
6.108204e-02	1.325953e+01	3.152122e+01	5.363266e+01	7.748323e+01	1.003486e+02	1.193296e+02	1.318667e+02
1.362087e+02	1.317480e+02	1.191314e+02	1.001322e+02	7.731570e+01	5.355949e+01	3.154889e+01	1.335351e+01
1.560520e-01	-7.817511e+00	-1.116770e+01	-1.105616e+01	-8.879896e+00	-5.948763e+00	-3.261958e+00	-1.388359e+00
-4.795430e-01	-3.691873e-01	-7.168996e-01	-1.169308e+00	-1.462001e+00	-1.473904e+00	-1.221604e+00	-8.122549e-01
-3.829518e-01	-4.566848e-02	1.417192e-01	1.861346e-01	1.312794e-01	3.784192e-02	-4.365954e-02	-8.924068e-02
-1.020354e-01	-1.047062e-01	-1.197675e-01	-1.646985e-01	-2.359444e-01	-3.179906e-01	-3.897326e-01	-4.315126e-01
-4.357099e-01	-4.064502e-01	-3.593701e-01	-3.091971e-01	-2.698618e-01	-2.453295e-01	-2.305234e-01	-2.180106e-01
-2.025974e-01	-1.806726e-01	-1.550927e-01	-1.339344e-01	-1.267312e-01	-1.441602e-01	-1.878456e-01	-2.527625e-01
-3.310309e-01	-4.111237e-01	-4.816630e-01	-5.367063e-01	-5.707429e-01	-5.776890e-01	-5.516802e-01	-4.846131e-01
-3.701644e-01	-2.026470e-01	1.392194e-02	2.643308e-01	5.207697e-01	7.465939e-01	9.031120e-01	9.605613e-01
9.057443e-01	7.474681e-01	5.161696e-01	2.549348e-01	1.149424e-02	-1.754052e-01	-2.846187e-01	-3.169833e-01
-2.976756e-01	-2.613006e-01	-2.440538e-01	-2.686230e-01	-3.318191e-01	-4.080951e-01	-4.564129e-01	-4.311825e-01
-3.020964e-01	-6.931716e-02	2.344592e-01	5.488064e-01	7.991925e-01	9.245760e-01	8.948919e-01	7.306025e-01
4.925777e-01	2.655431e-01	1.314755e-01	1.341708e-01	2.586975e-01	4.338231e-01	5.494237e-01	5.039928e-01
2.471244e-01	-1.904514e-01	-6.917755e-01	-1.083317e+00	-1.208278e+00	-9.971703e-01	-5.348779e-01	-7.759508e-02
-1.452433e-03	-6.903208e-01	-2.371843e+00	-4.949308e+00	-7.883945e+00	-1.017439e+01	-1.046785e+01	-7.303186e+00
5.612686e-01	1.379505e+01	3.220881e+01	5.461911e+01	7.891061e+01	1.023111e+02	1.218396e+02	1.348331e+02
1.394420e+02	1.349889e+02	1.220986e+02	1.025810e+02	7.908240e+01	5.459324e+01	3.192045e+01	1.323064e+01
-2.392671e-01	-8.260731e+00	-1.148200e+01	-1.114732e+01	-8.739434e+00	-5.643327e+00	-2.896325e+00	-1.068726e+00
-2.778930e-01	-3.018629e-01	-7.464387e-01	-1.217525e+00	-1.437698e+00	-1.303672e+00	-8.706738e-01	-2.976957e-01
2.349400e-01	5.856047e-01	6.931504e-01	5.797113e-01	3.306188e-01	5.282186e-02	-1.632171e-01	-2.664039e-01
-2.546906e-01	-1.641769e-01	-4.800130e-02	4.513051e-02	8.649012e-02	7.258360e-02	2.140972e-02	-3.755431e-02
-7.743624e-02	-7.926246e-02	-4.042608e-02	2.909461e-02	1.072246e-01	1.698045e-01	1.939132e-01	1.654558e-01
8.054625e-02	-5.495178e-02	-2.245493e-01	-4.021477e-01	-5.574741e-01	-6.605734e-01	-6.866876e-01	-6.212700e-01
-4.655156e-01	-2.381392e-01	2.673181e-02	2.874320e-01	5.003750e-01	6.296169e-01	6.552394e-01	5.767544e-01
4.161362e-01	2.104526e-01	3.445102e-03	-1.624112e-01	-2.596913e-01	-2.744936e-01	-2.124840e-01	-9.670798e-02
3.962311e-02	1.651235e-01	2.549436e-01	2.953105e-01	2.862107e-01	2.333989e-01	1.491817e-01	4.574494e-02
-6.716987e-02	-1.867142e-01	-3.119487e-01	-4.422307e-01	-5.698455e-01	-6.803640e-01	-7.526302e-01	-7.665647e-01
-7.073223e-01	-5.812625e-01	-4.114833e-01	-2.387174e-01	-1.063918e-01	-4.807495e-02	-7.042300e-02	-1.457048e-01
-2.190746e-01	-2.251431e-01	-1.130416e-01	1.231725e-01	4.331548e-01	7.172008e-01	8.524039e-01	7.353818e-01
3.327319e-01	-2.977939e-01	-1.005176e+00	-1.585516e+00	-1.856665e+00	-1.739908e+00	-1.326030e+00	-8.883354e-01
-8.320916e-01	-1.563322e+00	-3.320359e+00	-5.996722e+00	-9.024882e+00	-1.136252e+01	-1.161085e+01	-8.270936e+00
-8.999126e-02	1.358565e+01	3.251886e+01	5.545688e+01	8.020887e+01	1.039406e+02	1.236289e+02	1.366012e+02
1.410344e+02	1.362952e+02	1.230675e+02	1.032205e+02	7.944993e+01	5.477614e+01	3.201407e+01	1.331963e+01
-9.395036e-02	-8.023944e+00	-1.114751e+01	-1.072738e+01	-8.259702e+00	-5.134426e+00	-2.388183e+00	-5.871899e-01
1.562869e-01	7.164405e-02	-4.442721e-01	-9.930057e-01	-1.292790e+00	-1.235964e+00	-8.745459e-01	-3.627057e-01
1.201739e-01	4.401288e-01	5.407371e-01	4.477268e-01	2.445831e-01	2.618999e-02	-1.342842e-01	-2.080754e-01
-2.112151e-01	-1.903576e-01	-1.961332e-01	-2.620969e-01	-3.884178e-01	-5.466290e-01	-6.900431e-01	-7.750677e-01
-7.726034e-01	-6.851368e-01	-5.364912e-01	-3.704549e-01	-2.294058e-01	-1.481387e-01	-1.410043e-01	-1.968850e-01
-2.903411e-01	-3.872094e-01	-4.541581e-01	-4.721873e-01	-4.384642e-01	-3.634205e-01	-2.715284e-01	-1.897050e-01
-1.383623e-01	-1.328205e-01	-1.746981e-01	-2.535850e-01	-3.522658e-01	-4.487316e-01	-5.210835e-01	-5.506436e-01
-5.251473e-01	-4.443490e-01	-3.179940e-01	-1.663274e-01	-1.474595e-02	1.090860e-01	1.828682e-01	1.976347e-01
1.539060e-01	7.188245e-02	-1.909891e-02	-8.404376e-02	-9.383442e-02	-3.112461e-02	9.553107e-02	2.556364e-01
4.010396e-01	4.762133e-01	4.342827e-01	2.547354e-01	-5.052168e-02	-4.350781e-01	-8.294774e-01	-1.152507e+00
-1.334020e+00	-1.336292e+00	-1.162018e+00	-8.561364e-01	-4.924687e-01	-1.496487e-01	1.064941e-01	2.476023e-01
2.837718e-01	2.591362e-01	2.257978e-01	2.211265e-01	2.505265e-01	2.755293e-01	2.337058e-01	6.556019e-02
-2.498237e-01	-6.725935e-01	-1.097615e+00	-1.387102e+00	-1.423979e+00	-1.182704e+00	-7.794048e-01	-4.821919e-01
-6.599931e-01	-1.667251e+00	-3.685042e+00	-6.561302e+00	-9.703428e+00	-1.206546e+01	-1.226158e+01	-8.816309e+00
-4.936179e-01	1.334779e+01	3.247729e+01	5.565124e+01	8.068739e+01	1.047438e+02	1.247747e+02	1.380698e+02
1.427534e+02	1.381444e+02	1.248957e+02	1.048628e+02	8.075918e+01	5.564728e+01	3.240048e+01	1.324041e+01
-5.620567e-01	-8.763945e+00	-1.202213e+01	-1.160281e+01	-9.024240e+00	-5.706503e+00	-2.721847e+00	-6.689699e-01
3.139942e-01	4.273787e-01	4.948060e-02	-4.368995e-01	-7.567652e-01	-7.957357e-01	-5.910103e-01	-2.662356e-01
3.613780e-02	2.207856e-01	2.629806e-01	2.107537e-01	1.477468e-01	1.591432e-01	2.883642e-01	5.257105e-01
8.115137e-01	1.062784e+00	1.199871e+00	1.175247e+00	9.898681e-01	6.872546e-01	3.392246e-01	2.388095e-02
-1.984165e-01	-3.005405e-01	-2.885209e-01	-1.979413e-01	-7.769276e-02	2.511615e-02	7.661272e-02	6.262149e-02
-1.135270e-02	-1.264281e-01	-2.591775e-01	-3.853886e-01	-4.879557e-01	-5.582707e-01	-5.955427e-01	-6.031569e-01
-5.874917e-01	-5.565835e-01	-5.159516e-01	-4.712026e-01	-4.267192e-01	-3.837404e-01	-3.408003e-01	-2.944343e-01
-2.419176e-01	-1.788256e-01	-9.803445e-02	3.388152e-03	1.232590e-01	2.522141e-01	3.773941e-01	4.812417e-01
5.449074e-01	5.521152e-01	4.983558e-01	3.867222e-01	2.308541e-01	5.213436e-02	-1.285735e-01	-2.917777e-01
-4.287371e-01	-5.397205e-01	-6.294635e-01	-7.096247e-01	-7.818344e-01	-8.406528e-01	-8.673448e-01	-8.358498e-01
-7.248826e-01	-5.225933e-01	-2.411547e-01	8.666862e-02	4.089265e-01	6.730935e-01	8.391651e-01	8.931256e-01
8.522152e-01	7.601413e-01	6.685724e-01	6.160796e-01	6.097095e-01	6.228131e-01	6.007640e-01	4.896035e-01
2.643282e-01	-4.861634e-02	-3.683218e-01	-5.840651e-01	-6.035543e-01	-4.079636e-01	-1.003173e-01	8.583096e-02
-1.695411e-01	-1.170609e+00	-3.067310e+00	-5.710409e+00	-8.553672e+00	-1.064787e+01	-1.074354e+01	-7.516551e+00
1.352335e-01	1.277516e+01	3.017272e+01	5.119120e+01	7.384828e+01	9.557383e+01	1.136206e+02	1.255440e+02
1.296615e+02	1.253704e+02	1.132709e+02	9.505254e+01	7.317280e+01	5.040618e+01	2.934850e+01	1.200264e+01
-4.898903e-01	-7.918175e+00	-1.088504e+01	-1.054203e+01	-8.260049e+00	-5.316469e+00	-2.667469e+00	-8.403278e-01
5.055640e-02	1.952418e-01	-6.362122e-02	-3.890992e-01	-5.520505e-01	-4.744121e-01	-2.141150e-01	9.842649e-02
3.293220e-01	3.937361e-01	2.860402e-01	6.640735e-02	-1.702524e-01	-3.356679e-01	-3.846241e-01	-3.240486e-01
-2.095184e-01	-1.134197e-01	-9.571202e-02	-1.819740e-01	-3.492275e-01	-5.364989e-01	-6.677892e-01	-6.746913e-01
-5.264710e-01	-2.328378e-01	1.526829e-01	5.534711e-01	8.872011e-01	1.091595e+00	1.136886e+00	1.032129e+00
8.148966e-01	5.391904e-01	2.605615e-01	1.896629e-02	-1.658102e-01	-2.930354e-01	-3.759736e-01	-4.330486e-01
-4.794371e-01	-5.206148e-01	-5.542480e-01	-5.758421e-01	-5.810987e-01	-5.675457e-01	-5.374644e-01	-4.972902e-01
-4.539711e-01	-4.084491e-01	-3.553901e-01	-2.845756e-01	-1.846926e-01	-4.957319e-02	1.134646e-01	2.862689e-01
4.408426e-01	5.461414e-01	5.752238e-01	5.197737e-01	3.846603e-01	1.908619e-01	-2.831728e-02	-2.377486e-01
-4.077524e-01	-5.232123e-01	-5.823870e-01	-5.951431e-01	-5.750305e-01	-5.277144e-01	-4.542705e-01	-3.453415e-01
-1.890100e-01	1.949088e-02	2.665628e-01	5.202153e-01	7.391051e-01	8.774241e-01	9.047593e-01	8.183668e-01
6.512042e-01	4.588003e-01	3.076213e-01	2.424617e-01	2.696386e-01	3.500052e-01	4.114134e-01	3.784273e-01
2.114126e-01	-7.337815e-02	-3.882682e-01	-6.020956e-01	-5.968654e-01	-3.332879e-01	9.209316e-02	4.314387e-01
3.277256e-01	-5.719869e-01	-2.462340e+00	-5.220145e+00	-8.287906e+00	-1.065589e+01	-1.097340e+01	-7.778952e+00
1.572521e-01	1.349493e+01	3.202989e+01	5.456145e+01	7.895596e+01	1.024284e+02	1.219880e+02	1.349674e+02
1.395212e+02	1.349788e+02	1.219803e+02	1.023460e+02	7.873746e+01	5.415309e+01	3.140347e+01	1.265328e+01
-8.621358e-01	-8.910522e+00	-1.213745e+01	-1.178032e+01	-9.314371e+00	-6.117116e+00	-3.227600e+00	-1.225842e+00
-2.484550e-01	-9.748115e-02	-4.091395e-01	-8.124634e-01	-1.043890e+00	-9.975542e-01	-7.152667e-01	-3.228634e-01
3.380828e-02	2.520535e-01	3.004594e-01	2.181504e-01	8.031165e-02	-3.378604e-02	-7.422309e-02	-3.657974e-02
4.295773e-02	1.085734e-01	1.098892e-01	2.251882e-02	-1.421538e-01	-3.394334e-01	-5.135225e-01	-6.123193e-01
-6.072219e-01	-5.000924e-01	-3.208603e-01	-1.169698e-01	6.228321e-02	1.786808e-01	2.140883e-01	1.744142e-01
8.416132e-02	-2.536752e-02	-1.239860e-01	-1.912012e-01	-2.203367e-01	-2.153548e-01	-1.849267e-01	-1.392118e-01
-8.361243e-02	-2.145922e-02	4.886102e-02	1.306212e-01	2.203947e-01	3.109508e-01	3.924548e-01	4.519608e-01
4.786460e-01	4.668451e-01	4.192037e-01	3.453377e-01	2.601170e-01	1.780714e-01	1.121502e-01	7.161968e-02
5.469543e-02	5.739785e-02	7.258718e-02	9.506427e-02	1.217302e-01	1.529543e-01	1.897279e-01	2.261547e-01
2.551225e-01	2.625424e-01	2.339935e-01	1.564693e-01	2.768271e-02	-1.408600e-01	-3.196423e-01	-4.723687e-01
-5.592549e-01	-5.565835e-01	-4.640324e-01	-3.042083e-01	-1.200287e-01	3.741288e-02	1.249737e-01	1.274987e-01
5.665308e-02	-4.725700e-02	-1.372722e-01	-1.732839e-01	-1.452965e-01	-7.627357e-02	-1.261359e-02	-1.033805e-03
-6.302009e-02	-1.729364e-01	-2.554434e-01	-2.106311e-01	3.455765e-02	4.743084e-01	9.768983e-01	1.285454e+00
1.062118e+00	-3.839472e-03	-2.051875e+00	-4.908741e+00	-7.991776e+00	-1.030443e+01	-1.055025e+01	-7.360613e+00
3.947343e-01	1.328671e+01	3.107104e+01	5.256861e+01	7.573448e+01	9.793067e+01	1.163423e+02	1.284774e+02
1.326254e+02	1.281820e+02	1.157701e+02	9.712226e+01	7.475076e+01	5.148468e+01	2.997116e+01	1.225208e+01
-5.092868e-01	-8.096129e+00	-1.111875e+01	-1.074669e+01	-8.379056e+00	-5.326261e+00	-2.574329e+00	-6.765752e-01
2.360960e-01	3.467988e-01	-2.438144e-03	-4.597052e-01	-7.774905e-01	-8.565831e-01	-7.332872e-01	-5.264401e-01
-3.651483e-01	-3.346166e-01	-4.436080e-01	-6.301719e-01	-7.950515e-01	-8.425757e-01	-7.159717e-01	-4.196635e-01
-1.139035e-02	4.155913e-01	7.644840e-01	9.616863e-01	9.747296e-01	8.218430e-01	5.580077e-01	2.570360e-01
-7.274573e-03	-1.818526e-01	-2.414736e-01	-1.849123e-01	-3.588758e-02	1.680270e-01	3.870181e-01	5.887135e-01
7.429592e-01	8.291082e-01	8.381529e-01	7.698386e-01	6.322824e-01	4.403912e-01	2.182008e-01	-8.153300e-03
-2.121479e-01	-3.728719e-01	-4.765810e-01	-5.171853e-01	-5.016833e-01	-4.438320e-01	-3.633648e-01	-2.782481e-01
-2.072273e-01	-1.622301e-01	-1.458341e-01	-1.515363e-01	-1.703557e-01	-1.902958e-01	-1.963248e-01	-1.791976e-01
-1.316668e-01	-5.311406e-02	5.511476e-02	1.865106e-01	3.275708e-01	4.616778e-01	5.690660e-01	6.299605e-01
6.284881e-01	5.505205e-01	3.941237e-01	1.736306e-01	-8.470165e-02	-3.435384e-01	-5.579056e-01	-6.878420e-01
-7.132379e-01	-6.349252e-01	-4.820037e-01	-3.027729e-01	-1.529252e-01	-7.766097e-02	-9.439728e-02	-1.861399e-01
-3.058167e-01	-3.887139e-01	-3.827115e-01	-2.647260e-01	-5.983379e-02	1.625495e-01	3.069197e-01	2.864978e-01
6.431278e-02	-3.232519e-01	-7.657241e-01	-1.107670e+00	-1.211371e+00	-1.028559e+00	-6.489016e-01	-3.207966e-01
-3.945155e-01	-1.220594e+00	-2.990004e+00	-5.584333e+00	-8.467289e+00	-1.066739e+01	-1.089397e+01	-7.761268e+00
-1.043002e-01	1.268708e+01	3.040269e+01	5.188831e+01	7.510957e+01	9.741989e+01	1.159848e+02	1.282839e+02
1.325727e+02	1.282193e+02	1.158320e+02	9.713744e+01	7.465459e+01	5.122633e+01	2.951814e+01	1.158902e+01
-1.379295e+00	-9.157531e+00	-1.234464e+01	-1.210107e+01	-9.817026e+00	-6.794097e+00	-4.017452e+00	-2.040044e+00
-9.989670e-01	-7.191154e-01	-8.674878e-01	-1.106411e+00	-1.204057e+00	-1.074348e+00	-7.627763e-01	-3.959609e-01
-1.056157e-01	2.003777e-02	-3.012086e-02	-1.980237e-01	-3.889368e-01	-5.111059e-01	-5.076794e-01	-3.764294e-01
-1.609750e-01	6.545971e-02	2.291404e-01	2.824568e-01	2.125527e-01	4.625259e-02	-1.674469e-01	-3.711890e-01
-5.214034e-01	-5.900092e-01	-5.747823e-01	-4.897602e-01	-3.569834e-01	-1.989775e-01	-3.286697e-02	1.309406e-01
2.851188e-01	4.259325e-01	5.441189e-01	6.333182e-01	6.897718e-01	7.146736e-01	7.164249e-01	7.082182e-01
7.079286e-01	7.324463e-01	7.876127e-01	8.677651e-01	9.534021e-01	1.015983e+00	1.027736e+00	9.650352e-01
8.239287e-01	6.166582e-01	3.759164e-01	1.425693e-01	-4.443473e-02	-1.543538e-01	-1.791793e-01	-1.272475e-01
-2.622804e-02	8.729428e-02	1.796136e-01	2.276190e-01	2.223427e-01	1.717325e-01	9.218092e-02	5.085472e-03
-7.596981e-02	-1.450523e-01	-2.034159e-01	-2.553552e-01	-2.996754e-01	-3.245413e-01	-3.099909e-01	-2.295392e-01
-6.178827e-02	1.982914e-01	5.308507e-01	8.899429e-01	1.214469e+00	1.441652e+00	1.526233e+00	1.460813e+00
1.272849e+00	1.022278e+00	7.786695e-01	5.917980e-01	4.730991e-01	3.932414e-01	2.953173e-01	1.195923e-01
-1.564705e-01	-4.987100e-01	-8.110728e-01	-9.632990e-01	-8.510756e-01	-4.557473e-01	1.034372e-01	5.613420e-01
5.578395e-01	-2.529962e-01	-2.055011e+00	-4.717783e+00	-7.686549e+00	-9.979740e+00	-1.030118e+01	-7.267631e+00
2.755517e-01	1.293162e+01	3.048276e+01	5.177438e+01	7.478458e+01	9.689054e+01	1.152923e+02	1.275036e+02
1.318119e+02	1.276055e+02	1.154891e+02	9.716685e+01	7.511553e+01	5.212706e+01	3.081816e+01	1.320692e+01
4.535321e-01	-7.209729e+00	-1.036724e+01	-1.015321e+01	-7.933504e+00	-4.991964e+00	-2.303090e+00	-4.226699e-01
5.057263e-01	6.494067e-01	3.351965e-01	-9.607150e-02	-4.009812e-01	-4.780758e-01	-3.568380e-01	-1.472048e-01
2.575015e-02	7.789061e-02	-5.170030e-03	-1.722215e-01	-3.376188e-01	-4.169225e-01	-3.612932e-01	-1.735065e-01
9.265675e-02	3.563537e-01	5.374904e-01	5.825783e-01	4.813896e-01	2.680752e-01	4.071341e-03	-2.387047e-01
-4.048194e-01	-4.630261e-01	-4.154264e-01	-2.911220e-01	-1.299587e-01	2.672818e-02	1.515535e-01	2.364901e-01
2.861458e-01	3.134468e-01	3.312019e-01	3.448913e-01	3.496434e-01	3.362393e-01	2.971136e-01	2.306474e-01
1.454401e-01	5.888841e-02	-9.811226e-03	-4.364072e-02	-3.573349e-02	1.201897e-02	8.405143e-02	1.615402e-01
2.245505e-01	2.620878e-01	2.734155e-01	2.665150e-01	2.619309e-01	2.782588e-01	3.272141e-01	4.094480e-01
5.151495e-01	6.273484e-01	7.265663e-01	7.987807e-01	8.356684e-01	8.411962e-01	8.247351e-01	7.924460e-01
7.451664e-01	6.758778e-01	5.754135e-01	4.330229e-01	2.486849e-01	3.805031e-02	-1.671022e-01	-3.269768e-01
-4.022288e-01	-3.680643e-01	-2.314613e-01	-2.200044e-02	2.048585e-01	3.901210e-01	4.919378e-01	5.013385e-01
4.421901e-01	3.644819e-01	3.194079e-01	3.412870e-01	4.226098e-01	5.125471e-01	5.357620e-01	4.204817e-01
1.389985e-01	-2.679505e-01	-6.872490e-01	-9.702579e-01	-9.867518e-01	-6.971460e-01	-2.053619e-01	2.285677e-01
2.364812e-01	-5.434270e-01	-2.310307e+00	-4.943871e+00	-7.892414e+00	-1.016265e+01	-1.042970e+01	-7.275045e+00
4.883401e-01	1.348169e+01	3.148790e+01	5.332565e+01	7.692243e+01	9.958563e+01	1.184348e+02	1.309143e+02
1.352661e+02	1.308645e+02	1.183369e+02	9.944490e+01	7.674333e+01	5.310642e+01	3.122351e+01	1.316601e+01
1.130375e-01	-7.716876e+00	-1.094168e+01	-1.074213e+01	-8.522319e+00	-5.595431e+00	-2.948272e+00	-1.127725e+00
-2.581212e-01	-1.487602e-01	-4.538967e-01	-8.279745e-01	-1.030648e+00	-9.732422e-01	-7.071101e-01	-3.613934e-01
-7.907265e-02	4.536037e-02	-8.041453e-03	-1.860258e-01	-3.961063e-01	-5.411668e-01	-5.573882e-01	-4.339967e-01
-2.076335e-01	5.095200e-02	2.675382e-01	3.851429e-01	3.799745e-01	2.624614e-01	6.719929e-02	-1.571466e-01
-3.664062e-01	-5.301868e-01	-6.362184e-01	-6.849501e-01	-6.876679e-01	-6.596850e-01	-6.159501e-01	-5.625376e-01
-5.072391e-01	-4.536633e-01	-4.037079e-01	-3.564807e-01	-3.108380e-01	-2.633657e-01	-2.109646e-01	-1.491145e-01
-7.725619e-02	3.283525e-03	8.588016e-02	1.585738e-01	2.100497e-01	2.315294e-01	2.214342e-01	1.860318e-01
1.357507e-01	8.338199e-02	3.900033e-02	4.748345e-03	-2.413569e-02	-6.043098e-02	-1.197008e-01	-2.164443e-01
-3.549742e-01	-5.280717e-01	-7.123839e-01	-8.754576e-01	-9.817180e-01	-1.004524e+00	-9.356161e-01	-7.876623e-01
-5.935707e-01	-3.988252e-01	-2.512737e-01	-1.834871e-01	-2.016422e-01	-2.831020e-01	-3.764502e-01	-4.198166e-01
-3.605759e-01	-1.741963e-01	1.217553e-01	4.704453e-01	7.874795e-01	9.824027e-01	9.933443e-01	8.058691e-01
4.598801e-01	4.196329e-02	-3.444002e-01	-6.155408e-01	-7.325939e-01	-7.160648e-01	-6.375747e-01	-5.854417e-01
-6.293341e-01	-7.792122e-01	-9.797550e-01	-1.124886e+00	-1.103377e+00	-8.754845e-01	-5.256133e-01	-2.821716e-01
-4.762079e-01	-1.439266e+00	-3.348520e+00	-6.068963e+00	-9.041986e+00	-1.126842e+01	-1.141582e+01	-8.051948e+00
2.427166e-02	1.344056e+01	3.197189e+01	5.440792e+01	7.862509e+01	1.018640e+02	1.211743e+02	1.339401e+02
1.383643e+02	1.338183e+02	1.209607e+02	1.016089e+02	7.839028e+01	5.425126e+01	3.193687e+01	1.355103e+01
2.812174e-01	-7.662943e+00	-1.092070e+01	-1.069433e+01	-8.411004e+00	-5.395769e+00	-2.643872e+00	-7.131864e-01
2.570199e-01	4.352385e-01	1.431269e-01	-2.928690e-01	-6.378352e-01	-7.931986e-01	-7.819418e-01	-6.921829e-01
-6.195984e-01	-6.166140e-01	-6.780966e-01	-7.520031e-01	-7.686426e-01	-6.756555e-01	-4.647756e-01	-1.718330e-01
1.326058e-01	3.698726e-01	4.786354e-01	4.363130e-01	2.616939e-01	9.413481e-03	-2.502324e-01	-4.515046e-01
-5.540338e-01	-5.473417e-01	-4.503097e-01	-2.993982e-01	-1.361912e-01	6.214435e-03	1.116234e-01	1.798674e-01
2.222709e-01	2.554909e-01	2.945859e-01	3.427724e-01	3.961165e-01	4.476685e-01	4.849949e-01	5.030253e-01
4.989522e-01	4.785123e-01	4.486783e-01	4.189624e-01	4.039105e-01	4.095831e-01	4.372241e-01	4.834939e-01
5.419183e-01	5.994814e-01	6.436255e-01	6.622604e-01	6.448620e-01	5.861147e-01	4.913964e-01	3.754661e-01
2.573308e-01	1.600359e-01	1.099772e-01	1.227170e-01	2.019892e-01	3.354352e-01	4.925176e-01	6.292213e-01
6.969718e-01	6.565666e-01	4.858188e-01	1.900993e-01	-1.927861e-01	-5.976468e-01	-9.434612e-01	-1.155593e+00
-1.181512e+00	-1.009510e+00	-6.763394e-01	-2.599673e-01	1.393220e-01	4.260948e-01	5.366880e-01	4.590346e-01
2.348529e-01	-5.322435e-02	-3.148122e-01	-4.803379e-01	-5.242133e-01	-4.790107e-01	-4.155450e-01	-4.141347e-01
-5.241162e-01	-7.305890e-01	-9.512166e-01	-1.061174e+00	-9.507785e-01	-5.928500e-01	-1.002700e-01	2.721067e-01
1.677437e-01	-7.569747e-01	-2.678167e+00	-5.450048e+00	-8.501927e+00	-1.082174e+01	-1.107832e+01	-7.854980e+00
2.567710e-02	1.316380e+01	3.131795e+01	5.328145e+01	7.696129e+01	9.965342e+01	1.184773e+02	1.308837e+02
1.351295e+02	1.306052e+02	1.179578e+02	9.896160e+01	7.618341e+01	5.251071e+01	3.063476e+01	1.263139e+01
-3.227792e-01	-8.016090e+00	-1.107733e+01	-1.070375e+01	-8.323133e+00	-5.267629e+00	-2.539196e+00	-6.901362e-01
1.610091e-01	2.185409e-01	-1.466324e-01	-5.625414e-01	-7.661985e-01	-6.566031e-01	-2.821058e-01	2.153123e-01
6.680568e-01	9.533773e-01	1.026602e+00	9.175807e-01	7.076480e-01	4.892540e-01	3.318125e-01	2.604576e-01
2.526798e-01	2.610873e-01	2.329371e-01	1.327660e-01	-4.470628e-02	-2.724248e-01	-5.038012e-01	-6.908133e-01
-7.994908e-01	-8.193291e-01	-7.645078e-01	-6.652130e-01	-5.564329e-01	-4.664262e-01	-4.010157e-01	-3.480690e-01
-2.858312e-01	-1.892322e-01	-4.205333e-02	1.558353e-01	3.849149e-01	6.130836e-01	8.048473e-01	9.240215e-01
9.482411e-01	8.684433e-01	6.955018e-01	4.512255e-01	1.649672e-01	-1.334025e-01	-4.160899e-01	-6.580769e-01
-8.407991e-01	-9.540683e-01	-9.946546e-01	-9.688703e-01	-8.933182e-01	-7.899010e-01	-6.875455e-01	-6.110127e-01
-5.784372e-01	-5.961288e-01	-6.547974e-01	-7.338617e-01	-8.051836e-01	-8.393481e-01	-8.176017e-01	-7.371575e-01
-6.122469e-01	-4.713760e-01	-3.473929e-01	-2.652732e-01	-2.345118e-01	-2.418938e-01	-2.591040e-01	-2.451816e-01
-1.665639e-01	-1.209525e-02	1.996709e-01	4.237529e-01	6.026487e-01	6.851568e-01	6.435147e-01	4.912180e-01
2.761432e-01	7.161426e-02	-5.274462e-02	-6.392474e-02	1.960646e-02	1.276951e-01	1.574958e-01	1.926338e-02
-3.283517e-01	-8.425383e-01	-1.397827e+00	-1.821361e+00	-1.955952e+00	-1.743003e+00	-1.280060e+00	-8.365389e-01
-8.041536e-01	-1.572211e+00	-3.361324e+00	-6.055745e+00	-9.085000e+00	-1.140898e+01	-1.163332e+01	-8.259912e+00
-2.964811e-02	1.371795e+01	3.275631e+01	5.583761e+01	8.076656e+01	1.046929e+02	1.245735e+02	1.377116e+02
1.422548e+02	1.375571e+02	1.243020e+02	1.043688e+02	8.046880e+01	5.564591e+01	3.273464e+01	1.390130e+01
3.616021e-01	-7.690719e+00	-1.093518e+01	-1.064185e+01	-8.306507e+00	-5.310004e+00	-2.673230e+00	-9.464230e-01
-2.268735e-01	-2.855412e-01	-7.387598e-01	-1.208647e+00	-1.445758e+00	-1.369373e+00	-1.049823e+00	-6.394879e-01
-2.970134e-01	-1.235910e-01	-1.327745e-01	-2.630085e-01	-4.110065e-01	-4.768111e-01	-4.073849e-01	-2.114828e-01
4.671349e-02	2.754368e-01	3.894722e-01	3.420826e-01	1.389535e-01	-1.591167e-01	-4.614414e-01	-6.742726e-01
-7.280801e-01	-5.988004e-01	-3.134708e-01	6.427416e-02	4.538277e-01	7.767463e-01	9.803663e-01	1.044585e+00
9.832792e-01	8.357178e-01	6.543660e-01	4.853134e-01	3.580363e-01	2.818062e-01	2.405970e-01	2.117954e-01
1.634977e-01	6.845509e-02	-8.420185e-02	-2.911972e-01	-5.342642e-01	-7.840288e-01	-1.006758e+00	-1.170373e+00
-1.251732e+00	-1.242518e+00	-1.147152e+00	-9.820843e-01	-7.747128e-01	-5.549647e-01	-3.513930e-01	-1.844254e-01
-6.228028e-02	1.277384e-02	5.251912e-02	7.258151e-02	9.195406e-02	1.273222e-01	1.859404e-01	2.657071e-01
3.507357e-01	4.220482e-01	4.555726e-01	4.363329e-01	3.605820e-01	2.455423e-01	1.212966e-01	2.685844e-02
-4.198987e-03	4.309856e-02	1.637456e-01	3.239323e-01	4.747203e-01	5.684846e-01	5.736936e-01	4.857941e-01
3.365389e-01	1.800274e-01	7.461027e-02	5.878004e-02	1.288768e-01	2.413429e-01	3.218132e-01	2.972508e-01
1.284482e-01	-1.634703e-01	-4.892796e-01	-7.219467e-01	-7.450937e-01	-5.181259e-01	-1.255400e-01	2.075163e-01
1.590991e-01	-5.898710e-01	-2.216854e+00	-4.614017e+00	-7.286226e+00	-9.333140e+00	-9.552347e+00	-6.650534e+00
4.638637e-01	1.236946e+01	2.887999e+01	4.892854e+01	7.062516e+01	9.150102e+01	1.089057e+02	1.204693e+02
1.245461e+02	1.205250e+02	1.089563e+02	9.144399e+01	7.034641e+01	4.833527e+01	2.792610e+01	1.107615e+01
-1.085014e+00	-8.324890e+00	-1.120061e+01	-1.081458e+01	-8.501674e+00	-5.522047e+00	-2.833785e+00	-9.805790e-01
-9.370354e-02	9.599468e-03	-3.213755e-01	-7.207543e-01	-9.205395e-01	-8.068475e-01	-4.176700e-01	1.097296e-01
6.040270e-01	9.213409e-01	9.902589e-01	8.177395e-01	4.734193e-01	5.623539e-02	-3.373044e-01	-6.418093e-01
-8.316967e-01	-9.151598e-01	-9.221909e-01	-8.882464e-01	-8.380332e-01	-7.795794e-01	-7.088790e-01	-6.140716e-01
-4.893287e-01	-3.383410e-01	-1.763642e-01	-2.860945e-02	8.204855e-02	1.383671e-01	1.343021e-01	7.653192e-02
-1.332800e-02	-1.095560e-01	-1.807142e-01	-2.049715e-01	-1.685110e-01	-7.263556e-02	6.939093e-02	2.339145e-01
3.907941e-01	5.120115e-01	5.752726e-01	5.695251e-01	4.974334e-01	3.743520e-01	2.282626e-01	9.143946e-02
-4.947027e-03	-3.878044e-02	-1.700415e-03	9.267693e-02	2.141752e-01	3.218710e-01	3.742555e-01	3.376401e-01
1.955626e-01	-4.344162e-02	-3.508530e-01	-6.777221e-01	-9.657872e-01	-1.165593e+00	-1.243540e+00	-1.195889e+00
-1.046240e+00	-8.445746e-01	-6.513897e-01	-5.211125e-01	-4.847929e-01	-5.449784e-01	-6.694740e-01	-8.050482e-01
-8.928943e-01	-8.884211e-01	-7.746482e-01	-5.691471e-01	-3.189589e-01	-8.282923e-02	9.135298e-02	1.791364e-01
1.885089e-01	1.567022e-01	1.284895e-01	1.319062e-01	1.631045e-01	1.784407e-01	1.100557e-01	-1.002911e-01
-4.713947e-01	-9.509303e-01	-1.418960e+00	-1.719450e+00	-1.719467e+00	-1.381541e+00	-8.139485e-01	-2.851956e-01
-1.758781e-01	-8.598259e-01	-2.548741e+00	-5.129180e+00	-8.049051e+00	-1.030441e+01	-1.055425e+01	-7.358014e+00
4.957198e-01	1.364432e+01	3.187657e+01	5.400179e+01	7.792687e+01	1.009242e+02	1.200734e+02	1.327806e+02
1.372544e+02	1.328498e+02	1.201939e+02	1.010586e+02	7.802873e+01	5.401842e+01	3.176006e+01	1.336520e+01
4.801027e-02	-7.949809e+00	-1.123747e+01	-1.100110e+01	-8.667924e+00	-5.582851e+00	-2.769919e+00	-8.140940e-01
1.290323e-01	2.309783e-01	-1.640182e-01	-6.955718e-01	-1.093162e+00	-1.230728e+00	-1.118764e+00	-8.578473e-01
-5.716212e-01	-3.556863e-01	-2.490094e-01	-2.315568e-01	-2.475883e-01	-2.392292e-01	-1.712764e-01	-4.763245e-02
9.712293e-02	2.151344e-01	2.616761e-01	2.209679e-01	1.086177e-01	-3.642989e-02	-1.640475e-01	-2.370874e-01
-2.427941e-01	-2.009789e-01	-1.508514e-01	-1.433667e-01	-2.188082e-01	-3.924459e-01	-6.463243e-01	-9.346865e-01
-1.197046e+00	-1.372494e+00	-1.417850e+00	-1.320401e+00	-1.098344e+00	-7.954415e-01	-4.725542e-01	-1.906692e-01
3.028389e-03	8.633332e-02	6.016197e-02	-5.311160e-02	-2.167022e-01	-3.892180e-01	-5.304447e-01	-6.060620e-01
-5.997044e-01	-5.085664e-01	-3.448625e-01	-1.323227e-01	9.673508e-02	3.052447e-01	4.543095e-01	5.134419e-01
4.670189e-01	3.139617e-01	7.462885e-02	-2.129765e-01	-4.992885e-01	-7.366212e-01	-8.880451e-01	-9.354374e-01
-8.885747e-01	-7.778231e-01	-6.496971e-01	-5.517948e-01	-5.169759e-01	-5.530244e-01	-6.432373e-01	-7.508167e-01
-8.319199e-01	-8.530663e-01	-8.023356e-01	-6.907596e-01	-5.488222e-01	-4.156373e-01	-3.190852e-01	-2.644525e-01
-2.316290e-01	-1.803272e-01	-7.640071e-02	9.267100e-02	3.019599e-01	4.840750e-01	5.526263e-01	4.309967e-01
9.702448e-02	-3.966463e-01	-9.217240e-01	-1.306921e+00	-1.403884e+00	-1.157856e+00	-6.651742e-01	-1.900785e-01
-1.086498e-01	-7.949180e-01	-2.471514e+00	-5.036262e+00	-7.953852e+00	-1.024401e+01	-1.058952e+01	-7.573659e+00
-8.770614e-04	1.276292e+01	3.052011e+01	5.211113e+01	7.548833e+01	9.797995e+01	1.167279e+02	1.291915e+02
1.336165e+02	1.293727e+02	1.170776e+02	9.847332e+01	7.609373e+01	5.279031e+01	3.122704e+01	1.345217e+01
6.268513e-01	-7.040124e+00	-1.016893e+01	-9.934931e+00	-7.734355e+00	-4.866714e+00	-2.296847e+00	-5.502988e-01
2.645567e-01	3.482513e-01	5.011853e-02	-2.871661e-01	-4.326929e-01	-3.115315e-01	1.093066e-02	3.900239e-01
6.745474e-01	7.617997e-01	6.301846e-01	3.350869e-01	-2.524706e-02	-3.443793e-01	-5.481217e-01	-6.139372e-01
-5.656208e-01	-4.604540e-01	-3.603947e-01	-3.109575e-01	-3.278040e-01	-3.978564e-01	-4.875788e-01	-5.611719e-01
-5.926717e-01	-5.749330e-01	-5.171126e-01	-4.365228e-01	-3.495742e-01	-2.715736e-01	-2.048626e-01	-1.476267e-01
-9.791675e-02	-5.623019e-02	-3.300831e-02	-4.396415e-02	-1.042900e-01	-2.239045e-01	-3.953898e-01	-5.948713e-01
-7.835488e-01	-9.126725e-01	-9.422362e-01	-8.461200e-01	-6.237310e-01	-3.004071e-01	7.480086e-02	4.381808e-01
7.322800e-01	9.131288e-01	9.570787e-01	8.677698e-01	6.733499e-01	4.126084e-01	1.289431e-01	-1.387880e-01
-3.645367e-01	-5.352062e-01	-6.488045e-01	-7.104708e-01	-7.269214e-01	-7.068878e-01	-6.564339e-01	-5.812788e-01
-4.950821e-01	-4.140171e-01	-3.535687e-01	-3.260257e-01	-3.369669e-01	-3.791209e-01	-4.318135e-01	-4.652464e-01
-4.501793e-01	-3.667681e-01	-2.165281e-01	-2.406147e-02	1.686700e-01	3.164646e-01	3.894073e-01	3.809923e-01
3.122549e-01	2.255409e-01	1.640459e-01	1.548269e-01	1.922407e-01	2.346978e-01	2.175458e-01	8.230637e-02
-1.891994e-01	-5.542713e-01	-9.092654e-01	-1.116710e+00	-1.064653e+00	-7.279225e-01	-2.205429e-01	1.925989e-01
1.498458e-01	-7.039239e-01	-2.560322e+00	-5.296527e+00	-8.363182e+00	-1.077791e+01	-1.122976e+01	-8.313023e+00
-8.423057e-01	1.181008e+01	2.944665e+01	5.091691e+01	7.418590e+01	9.659722e+01	1.153042e+02	1.277698e+02
1.322373e+02	1.280709e+02	1.158748e+02	9.737715e+01	7.509857e+01	5.188280e+01	3.039015e+01	1.267271e+01
-1.063153e-01	-7.732589e+00	-1.082308e+01	-1.055013e+01	-8.307014e+00	-5.389120e+00	-2.767140e+00	-9.739067e-01
-1.219541e-01	-1.473965e-02	-3.059289e-01	-6.552143e-01	-8.300144e-01	-7.547441e-01	-4.892835e-01	-1.691366e-01
6.503129e-02	1.277894e-01	1.509107e-02	-2.031687e-01	-4.182263e-01	-5.261270e-01	-4.658341e-01	-2.369919e-01
1.011448e-01	4.600584e-01	7.504933e-01	9.130686e-01	9.305962e-01	8.304500e-01	6.725075e-01	5.229653e-01
4.334893e-01	4.269458e-01	4.914075e-01	5.899037e-01	6.745242e-01	7.058189e-01	6.620130e-01	5.447766e-01
3.789831e-01	2.007624e-01	4.794226e-02	-4.813111e-02	-7.014620e-02	-1.930003e-02	8.833618e-02	2.266630e-01
3.653588e-01	4.760124e-01	5.367271e-01	5.347742e-01	4.661893e-01	3.379638e-01	1.663420e-01	-2.409028e-02
-2.048873e-01	-3.513023e-01	-4.438645e-01	-4.734081e-01	-4.411925e-01	-3.628847e-01	-2.621345e-01	-1.655658e-01
-9.787164e-02	-7.181882e-02	-8.748327e-02	-1.293554e-01	-1.715357e-01	-1.832752e-01	-1.422102e-01	-4.269553e-02
1.029668e-01	2.643713e-01	4.020197e-01	4.787306e-01	4.735650e-01	3.874730e-01	2.456474e-01	9.149527e-02
-3.251340e-02	-9.266543e-02	-8.244971e-02	-2.414039e-02	4.128447e-02	6.857040e-02	2.847388e-02	-7.831331e-02
-2.171023e-01	-3.273592e-01	-3.493363e-01	-2.492001e-01	-3.608292e-02	2.277070e-01	4.482255e-01	5.332453e-01
4.316048e-01	1.645679e-01	-1.704523e-01	-4.255233e-01	-4.647543e-01	-2.376935e-01	1.654577e-01	4.928964e-01
3.845714e-01	-5.158178e-01	-2.404828e+00	-5.158246e+00	-8.216930e+00	-1.057377e+01	-1.087875e+01	-7.686852e+00
2.163199e-01	1.346763e+01	3.184746e+01	5.415227e+01	7.826124e+01	1.014191e+02	1.206778e+02	1.334151e+02
1.378286e+02	1.332766e+02	1.204068e+02	1.010303e+02	7.777514e+01	5.359694e+01	3.125773e+01	1.287746e+01
-3.461979e-01	-8.204956e+00	-1.134944e+01	-1.100883e+01	-8.638885e+00	-5.591615e+00	-2.873572e+00	-1.033218e+00
-1.801430e-01	-1.005391e-01	-4.275373e-01	-7.990833e-01	-9.699696e-01	-8.608294e-01	-5.380444e-01	-1.491420e-01
1.505900e-01	2.657515e-01	1.868812e-01	-1.664947e-02	-2.334044e-01	-3.546300e-01	-3.142955e-01	-1.126109e-01
1.922153e-01	5.040176e-01	7.260746e-01	7.876724e-01	6.699367e-01	4.034014e-01	6.102872e-02	-2.702582e-01
-5.159572e-01	-6.262450e-01	-5.908268e-01	-4.369881e-01	-2.123391e-01	2.678474e-02	2.295584e-01	3.593590e-01
4.040546e-01	3.696565e-01	2.763465e-01	1.490365e-01	1.347508e-02	-1.099402e-01	-2.064159e-01	-2.660857e-01
-2.862658e-01	-2.702223e-01	-2.241042e-01	-1.570358e-01	-8.369502e-02	-1.790974e-02	3.083889e-02	5.285862e-02
4.614098e-02	1.490177e-02	-3.615413e-02	-1.005134e-01	-1.732190e-01	-2.532626e-01	-3.371475e-01	-4.271148e-01
-5.210633e-01	-6.133454e-01	-6.907380e-01	-7.350870e-01	-7.289302e-01	-6.563919e-01	-5.136674e-01	-3.164759e-01
-8.957151e-02	1.285387e-01	2.996328e-01	3.953160e-01	4.054597e-01	3.426468e-01	2.429788e-01	1.506682e-01
1.059363e-01	1.307563e-01	2.154820e-01	3.219701e-01	3.936783e-01	3.758252e-01	2.383548e-01	-1.035013e-02
-3.217951e-01	-6.183939e-01	-8.226179e-01	-8.844331e-01	-8.040066e-01	-6.382244e-01	-4.789172e-01	-4.161569e-01
-4.999168e-01	-7.066093e-01	-9.333420e-01	-1.034848e+00	-8.837694e-01	-4.492739e-01	1.474300e-01	6.135820e-01
5.436993e-01	-4.557703e-01	-2.595275e+00	-5.728154e+00	-9.229107e+00	-1.198008e+01	-1.249791e+01	-9.200681e+00
-7.653618e-01	1.349769e+01	3.334522e+01	5.746082e+01	8.354048e+01	1.085971e+02	1.294412e+02	1.432493e+02
1.480898e+02	1.432860e+02	1.295485e+02	1.088313e+02	8.395738e+01	5.809230e+01	3.418433e+01	1.449071e+01
2.843849e-01	-8.219267e+00	-1.171186e+01	-1.149494e+01	-9.111407e+00	-5.987236e+00	-3.183898e+00	-1.283254e+00
-4.059701e-01	-3.326671e-01	-6.839037e-01	-1.080255e+00	-1.263695e+00	-1.143450e+00	-7.773167e-01	-3.095879e-01
1.018845e-01	3.535741e-01	4.191266e-01	3.412689e-01	2.032128e-01	8.621792e-02	3.453589e-02	4.210168e-02
6.669451e-02	4.511482e-02	-7.186134e-02	-3.010639e-01	-6.186381e-01	-9.687753e-01	-1.279220e+00	-1.488492e+00
-1.562393e+00	-1.503041e+00	-1.347570e+00	-1.149398e+00	-9.636561e-01	-8.291170e-01	-7.573934e-01	-7.336509e-01
-7.270828e-01	-7.023480e-01	-6.282690e-01	-4.906351e-01	-2.952058e-01	-6.381022e-02	1.748463e-01	3.904472e-01
5.581912e-01	6.652331e-01	7.094642e-01	6.995707e-01	6.520796e-01	5.870113e-01	5.206496e-01	4.653536e-01
4.304840e-01	4.189782e-01	4.302908e-01	4.580407e-01	4.931764e-01	5.259733e-01	5.454904e-01	5.447386e-01
5.239519e-01	4.887928e-01	4.497938e-01	4.186673e-01	4.021853e-01	3.996565e-01	3.992990e-01	3.858083e-01
3.372051e-01	2.357667e-01	7.625957e-02	-1.310248e-01	-3.582293e-01	-5.641447e-01	-7.035388e-01	-7.431055e-01
-6.711600e-01	-5.089158e-01	-3.045496e-01	-1.250633e-01	-3.502124e-02	-7.341096e-02	-2.382375e-01	-4.821351e-01
-7.221547e-01	-8.628573e-01	-8.331475e-01	-6.122825e-01	-2.484488e-01	1.529080e-01	4.570676e-01	5.464222e-01
3.640785e-01	-5.217984e-02	-5.741393e-01	-1.020513e+00	-1.225026e+00	-1.119552e+00	-7.912034e-01	-4.935520e-01
-5.974527e-01	-1.474633e+00	-3.333270e+00	-6.059529e+00	-9.097214e+00	-1.143782e+01	-1.172784e+01	-8.515996e+00
-5.775173e-01	1.274049e+01	3.123387e+01	5.371422e+01	7.807310e+01	1.015535e+02	1.211915e+02	1.343364e+02
1.391384e+02	1.349046e+02	1.222367e+02	1.029141e+02	7.955757e+01	5.514420e+01	3.248104e+01	1.374615e+01
2.010230e-01	-7.896101e+00	-1.116556e+01	-1.083586e+01	-8.381864e+00	-5.190441e+00	-2.314952e+00	-3.456512e-01
5.803754e-01	6.610554e-01	2.679759e-01	-2.204864e-01	-5.389882e-01	-5.850482e-01	-4.062559e-01	-1.349789e-01
8.404035e-02	1.540208e-01	5.955449e-02	-1.413777e-01	-3.541335e-01	-4.887842e-01	-4.974060e-01	-3.875490e-01
-2.152815e-01	-6.023275e-02	1.157807e-02	-3.442147e-02	-1.817056e-01	-3.731898e-01	-5.324195e-01	-5.909926e-01
-5.090007e-01	-2.894282e-01	2.471246e-02	3.647165e-01	6.629622e-01	8.688932e-01	9.605347e-01	9.459533e-01
8.581353e-01	7.375346e-01	6.170432e-01	5.163852e-01	4.340030e-01	3.591700e-01	2.739048e-01	1.640804e-01
2.742492e-02	-1.286633e-01	-2.838275e-01	-4.151410e-01	-5.070002e-01	-5.562444e-01	-5.711146e-01	-5.669142e-01
-5.625186e-01	-5.758692e-01	-6.137228e-01	-6.742508e-01	-7.454268e-01	-8.138764e-01	-8.652920e-01	-8.956527e-01
-9.066575e-01	-9.017792e-01	-8.860669e-01	-8.600822e-01	-8.154255e-01	-7.411634e-01	-6.273444e-01	-4.669314e-01
-2.686581e-01	-5.400999e-02	1.490791e-01	3.078557e-01	4.004707e-01	4.209219e-01	3.825611e-01	3.148802e-01
2.529662e-01	2.237648e-01	2.390565e-01	2.822028e-01	3.218517e-01	3.232930e-01	2.630936e-01	1.421079e-01
-6.120504e-03	-1.299588e-01	-1.728317e-01	-1.058879e-01	5.736469e-02	2.599140e-01	4.098847e-01	4.218210e-01
2.501947e-01	-8.019856e-02	-4.659032e-01	-7.582548e-01	-8.202977e-01	-5.974492e-01	-1.769588e-01	1.937766e-01
1.570288e-01	-6.482802e-01	-2.427428e+00	-5.073858e+00	-8.050172e+00	-1.037324e+01	-1.072559e+01	-7.688575e+00
-5.816441e-02	1.280646e+01	3.070967e+01	5.249011e+01	7.608911e+01	9.882015e+01	1.177996e+02	1.304558e+02
1.350115e+02	1.308157e+02	1.184709e+02	9.971584e+01	7.709175e+01	5.346983e+01	3.154361e+01	1.339997e+01
2.443307e-01	-7.676591e+00	-1.094810e+01	-1.072732e+01	-8.413712e+00	-5.330569e+00	-2.489978e+00	-4.797753e-01
5.323506e-01	6.996994e-01	3.472539e-01	-1.748271e-01	-6.041930e-01	-8.159410e-01	-8.155748e-01	-6.964269e-01
-5.731425e-01	-5.326553e-01	-6.030140e-01	-7.531748e-01	-9.181573e-01	-1.027791e+00	-1.035008e+00	-9.308239e-01
-7.459430e-01	-5.332624e-01	-3.466666e-01	-2.264373e-01	-1.821501e-01	-2.007557e-01	-2.497265e-01	-2.905369e-01
-2.963345e-01	-2.571439e-01	-1.798146e-01	-8.657906e-02	-6.361225e-03	3.763534e-02	3.026169e-02	-3.136158e-02
-1.357853e-01	-2.656672e-01	-3.974081e-01	-5.111803e-01	-5.907211e-01	-6.259051e-01	-6.161517e-01	-5.664042e-01
-4.889432e-01	-3.951097e-01	-3.006967e-01	-2.218350e-01	-1.704995e-01	-1.521103e-01	-1.676207e-01	-2.113587e-01
-2.691548e-01	-3.233304e-01	-3.562688e-01	-3.553764e-01	-3.162824e-01	-2.446687e-01	-1.564650e-01	-6.993152e-02
6.529037e-04	4.502517e-02	6.429770e-02	6.917454e-02	7.678159e-02	1.079985e-01	1.771829e-01	2.869673e-01
4.269878e-01	5.731059e-01	6.964199e-01	7.685034e-01	7.743872e-01	7.134435e-01	6.040193e-01	4.777462e-01
3.697637e-01	3.044687e-01	2.887942e-01	3.118130e-01	3.457889e-01	3.629590e-01	3.494848e-01	3.115445e-01
2.799684e-01	2.974359e-01	3.957297e-01	5.814449e-01	8.198626e-01	1.038344e+00	1.145611e+00	1.066792e+00
7.817420e-01	3.423156e-01	-1.272307e-01	-4.658118e-01	-5.414666e-01	-3.189544e-01	8.345810e-02	3.898795e-01
2.213286e-01	-7.870473e-01	-2.824074e+00	-5.745373e+00	-8.961347e+00	-1.143533e+01	-1.179921e+01	-8.599091e+00
-6.261147e-01	1.274483e+01	3.128189e+01	5.376509e+01	7.806865e+01	1.014379e+02	1.209284e+02	1.339237e+02
1.386147e+02	1.343408e+02	1.217160e+02	1.025121e+02	7.931516e+01	5.505571e+01	3.248928e+01	1.375827e+01
1.022760e-01	-8.207740e+00	-1.175862e+01	-1.172490e+01	-9.528343e+00	-6.513109e+00	-3.706653e+00	-1.698738e+00
-6.445683e-01	-3.762314e-01	-5.587619e-01	-8.460415e-01	-9.894609e-01	-8.941440e-01	-6.028650e-01	-2.449687e-01
3.856396e-02	1.506065e-01	7.223097e-02	-1.417584e-01	-3.906887e-01	-5.740043e-01	-6.234872e-01	-5.286928e-01
-3.328512e-01	-1.136437e-01	4.759259e-02	9.487360e-02	1.473651e-02	-1.631499e-01	-3.788653e-01	-5.621146e-01
-6.548539e-01	-6.285958e-01	-4.882400e-01	-2.674896e-01	-1.645808e-02	2.158920e-01	3.962406e-01	5.095467e-01
5.589939e-01	5.599046e-01	5.335173e-01	4.964781e-01	4.588046e-01	4.224347e-01	3.808326e-01	3.262761e-01
2.520989e-01	1.535354e-01	2.918632e-02	-1.171450e-01	-2.789595e-01	-4.496317e-01	-6.230362e-01	-7.856721e-01
-9.247344e-01	-1.026562e+00	-1.074382e+00	-1.057139e+00	-9.693237e-01	-8.199007e-01	-6.279270e-01	-4.235728e-01
-2.406116e-01	-1.078059e-01	-4.469224e-02	-5.729469e-02	-1.352197e-01	-2.550308e-01	-3.908397e-01	-5.183883e-01
-6.248508e-01	-7.039421e-01	-7.608304e-01	-7.991986e-01	-8.197712e-01	-8.123346e-01	-7.627900e-01	-6.545313e-01
-4.882680e-01	-2.783084e-01	-5.919581e-02	1.176736e-01	2.014099e-01	1.578404e-01	-1.532747e-02	-2.785323e-01
-5.537235e-01	-7.479452e-01	-7.858931e-01	-6.356785e-01	-3.283191e-01	4.207682e-02	3.444182e-01	4.523068e-01
2.975115e-01	-9.582189e-02	-6.112864e-01	-1.069973e+00	-1.304931e+00	-1.239347e+00	-9.540844e-01	-7.051646e-01
-8.716375e-01	-1.836240e+00	-3.813103e+00	-6.670717e+00	-9.813628e+00	-1.216548e+01	-1.229263e+01	-8.662767e+00
7.184413e-03	1.437887e+01	3.420337e+01	5.817959e+01	8.403738e+01	1.088343e+02	1.294320e+02	1.430465e+02
1.477610e+02	1.428994e+02	1.291536e+02	1.084479e+02	8.357758e+01	5.769247e+01	3.373818e+01	1.399103e+01
-2.462440e-01	-8.723123e+00	-1.210849e+01	-1.169411e+01	-9.032109e+00	-5.581926e+00	-2.452653e+00	-2.726072e-01
7.938177e-01	9.406930e-01	5.508525e-01	2.558178e-02	-3.378619e-01	-4.089000e-01	-2.106695e-01	1.299295e-01
4.564728e-01	6.479260e-01	6.503350e-01	4.853958e-01	2.233562e-01	-4.937511e-02	-2.659212e-01	-3.959766e-01
-4.487228e-01	-4.533115e-01	-4.455452e-01	-4.435332e-01	-4.462496e-01	-4.330661e-01	-3.794164e-01	-2.664514e-01
-9.973974e-02	9.491068e-02	2.756776e-01	3.963259e-01	4.275831e-01	3.590424e-01	2.089171e-01	1.652508e-02
-1.650737e-01	-2.845300e-01	-3.084247e-01	-2.264903e-01	-5.562477e-02	1.682917e-01	3.986292e-01	5.917017e-01
7.145245e-01	7.535077e-01	7.113762e-01	6.054309e-01	4.555022e-01	2.892909e-01	1.248222e-01	-2.403151e-02
-1.513651e-01	-2.572683e-01	-3.417668e-01	-4.008271e-01	-4.299000e-01	-4.219326e-01	-3.715718e-01	-2.822440e-01
-1.610099e-01	-2.594291e-02	9.990210e-02	1.904178e-01	2.235734e-01	1.858646e-01	7.807432e-02	-8.701976e-02
-2.855294e-01	-4.867782e-01	-6.586986e-01	-7.716602e-01	-8.059115e-01	-7.532816e-01	-6.220240e-01	-4.329949e-01
-2.195542e-01	-2.531062e-02	1.026257e-01	1.288761e-01	3.500544e-02	-1.649488e-01	-4.267463e-01	-6.780320e-01
-8.344888e-01	-8.226887e-01	-6.072893e-01	-2.110256e-01	2.803743e-01	7.345824e-01	1.006950e+00	9.869545e-01
6.414151e-01	4.306696e-02	-6.426327e-01	-1.199686e+00	-1.437264e+00	-1.280804e+00	-8.287621e-01	-3.690991e-01
-3.177441e-01	-1.091896e+00	-2.932530e+00	-5.729569e+00	-8.901749e+00	-1.138173e+01	-1.173885e+01	-8.434336e+00
-1.754058e-01	1.371873e+01	3.302106e+01	5.646727e+01	8.183029e+01	1.062100e+02	1.265054e+02	1.399606e+02
1.446823e+02	1.399978e+02	1.265847e+02	1.063422e+02	8.202392e+01	5.672994e+01	3.335259e+01	1.411236e+01
2.647541e-01	-7.975143e+00	-1.129226e+01	-1.097643e+01	-8.554981e+00	-5.439479e+00	-2.680990e+00	-8.474457e-01
-4.427647e-02	-4.215893e-02	-4.470013e-01	-8.713564e-01	-1.058597e+00	-9.290233e-01	-5.600031e-01	-1.213115e-01
2.108883e-01	3.200128e-01	1.852059e-01	-1.238370e-01	-4.838166e-01	-7.643239e-01	-8.755698e-01	-7.927986e-01
-5.567861e-01	-2.543873e-01	1.908928e-02	1.908261e-01	2.281914e-01	1.477446e-01	3.642152e-03	-1.322658e-01
-1.930835e-01	-1.358297e-01	4.328657e-02	3.163395e-01	6.295749e-01	9.224806e-01	1.139263e+00	1.243544e+00
1.225954e+00	1.098461e+00	8.949812e-01	6.579048e-01	4.315506e-01	2.506725e-01	1.333972e-01	8.001362e-02
7.547688e-02	9.364564e-02	1.037656e-01	8.397882e-02	2.201012e-02	-8.456948e-02	-2.211647e-01	-3.616857e-01
-4.765320e-01	-5.427724e-01	-5.423089e-01	-4.718466e-01	-3.375688e-01	-1.584115e-01	4.189135e-02	2.395552e-01
4.151314e-01	5.545538e-01	6.522694e-01	7.136490e-01	7.458752e-01	7.570559e-01	7.471645e-01	7.112805e-01
6.355180e-01	5.020055e-01	2.967645e-01	2.014665e-02	-3.135709e-01	-6.650918e-01	-9.826391e-01	-1.210413e+00
-1.304035e+00	-1.245691e+00	-1.053567e+00	-7.770905e-01	-4.849432e-01	-2.436507e-01	-1.030453e-01	-7.189992e-02
-1.191661e-01	-1.872027e-01	-2.122475e-01	-1.549756e-01	-2.066079e-02	1.360258e-01	2.307748e-01	1.778435e-01
-6.679069e-02	-4.733247e-01	-9.339911e-01	-1.293773e+00	-1.413953e+00	-1.240122e+00	-8.672753e-01	-5.500792e-01
-6.569026e-01	-1.549985e+00	-3.429068e+00	-6.167767e+00	-9.196655e+00	-1.148736e+01	-1.167263e+01	-8.282695e+00
-8.364769e-02	1.357423e+01	3.246503e+01	5.535979e+01	8.009612e+01	1.038609e+02	1.236437e+02	1.367658e+02
1.413783e+02	1.368153e+02	1.237251e+02	1.039436e+02	8.014551e+01	5.534415e+01	3.236405e+01	1.338434e+01
-3.434292e-01	-8.574091e+00	-1.193871e+01	-1.165894e+01	-9.205637e+00	-5.961890e+00	-2.976862e+00	-8.494977e-01
2.546507e-01	4.999664e-01	2.227238e-01	-2.242602e-01	-5.803860e-01	-7.264549e-01	-6.755172e-01	-5.145627e-01
-3.494433e-01	-2.498737e-01	-2.287114e-01	-2.479071e-01	-2.490175e-01	-1.846991e-01	-4.457398e-02	1.394762e-01
3.044635e-01	3.825722e-01	3.291911e-01	1.412028e-01	-1.421138e-01	-4.472323e-01	-6.928012e-01	-8.140053e-01
-7.814605e-01	-6.036534e-01	-3.241878e-01	-3.761418e-03	2.979480e-01	5.401027e-01	7.025018e-01	7.938945e-01
8.339647e-01	8.493445e-01	8.603189e-01	8.758954e-01	8.941069e-01	9.061513e-01	9.062523e-01	8.880417e-01
8.514245e-01	8.014729e-01	7.434540e-01	6.804498e-01	6.110373e-01	5.317863e-01	4.378415e-01	3.304643e-01
2.184997e-01	1.177016e-01	4.344815e-02	7.679473e-03	1.535944e-02	6.124505e-02	1.239073e-01	1.782202e-01
2.020913e-01	1.845471e-01	1.300914e-01	5.990990e-02	7.921729e-03	6.180602e-03	7.739483e-02	2.209006e-01
4.136143e-01	6.141137e-01	7.715188e-01	8.449063e-01	8.147445e-01	6.919586e-01	5.149433e-01	3.331504e-01
1.983397e-01	1.378486e-01	1.465218e-01	1.901951e-01	2.093523e-01	1.457613e-01	-3.128623e-02	-3.099936e-01
-6.352443e-01	-9.180489e-01	-1.071638e+00	-1.039639e+00	-8.247085e-01	-4.930502e-01	-1.563850e-01	6.823962e-02
1.005226e-01	-6.440578e-02	-3.477598e-01	-6.080485e-01	-7.062742e-01	-5.812997e-01	-3.056767e-01	-1.077918e-01
-3.262096e-01	-1.302884e+00	-3.225773e+00	-5.971102e+00	-8.987882e+00	-1.128711e+01	-1.155472e+01	-8.384189e+00
-6.010577e-01	1.240556e+01	3.040650e+01	5.221246e+01	7.574752e+01	9.832948e+01	1.170970e+02	1.295237e+02
1.338779e+02	1.295614e+02	1.172166e+02	9.859849e+01	7.623772e+01	5.297029e+01	3.143728e+01	1.365930e+01
7.745645e-01	-7.022359e+00	-1.035125e+01	-1.037364e+01	-8.460184e+00	-5.880131e+00	-3.570028e+00	-2.032683e+00
-1.357460e+00	-1.333024e+00	-1.607876e+00	-1.842370e+00	-1.818678e+00	-1.480642e+00	-9.182312e-01	-3.019314e-01
1.921487e-01	4.477527e-01	4.389077e-01	2.272795e-01	-6.861581e-02	-3.221855e-01	-4.431432e-01	-4.023891e-01
-2.318026e-01	-9.217403e-03	1.718719e-01	2.388248e-01	1.602020e-01	-4.505206e-02	-3.187860e-01	-5.846185e-01
-7.678890e-01	-8.223105e-01	-7.397143e-01	-5.462960e-01	-2.963371e-01	-5.516796e-02	1.233654e-01	2.077691e-01
1.946455e-01	1.073985e-01	-1.612478e-02	-1.345899e-01	-2.148921e-01	-2.377569e-01	-2.015535e-01	-1.203308e-01
-1.517720e-02	8.870861e-02	1.711822e-01	2.269688e-01	2.563392e-01	2.673666e-01	2.715284e-01	2.800319e-01
2.996422e-01	3.268249e-01	3.526688e-01	3.663786e-01	3.591366e-01	3.244410e-01	2.618933e-01	1.796347e-01
9.106505e-02	1.446845e-02	-3.275040e-02	-4.088010e-02	-6.529404e-03	6.522449e-02	1.562024e-01	2.394003e-01
2.853939e-01	2.685870e-01	1.758817e-01	1.056648e-02	-2.063264e-01	-4.342379e-01	-6.225118e-01	-7.211722e-01
-6.960032e-01	-5.425520e-01	-2.882495e-01	1.369329e-02	2.954230e-01	4.943219e-01	5.771210e-01	5.465195e-01
4.430049e-01	3.310987e-01	2.699090e-01	2.927411e-01	3.850129e-01	4.859705e-01	5.057611e-01	3.609590e-01
1.494460e-02	-4.939227e-01	-1.052495e+00	-1.501212e+00	-1.698195e+00	-1.587864e+00	-1.261364e+00	-9.678608e-01
-1.065772e+00	-1.912859e+00	-3.704291e+00	-6.316815e+00	-9.198653e+00	-1.135683e+01	-1.147212e+01	-8.135911e+00
-1.715369e-01	1.302690e+01	3.122343e+01	5.321903e+01	7.692687e+01	9.964372e+01	1.184893e+02	1.309131e+02
1.351705e+02	1.306564e+02	1.180217e+02	9.904985e+01	7.631481e+01	5.270815e+01	3.092378e+01	1.302712e+01
1.831428e-01	-7.415685e+00	-1.041478e+01	-1.001944e+01	-7.661211e+00	-4.667976e+00	-2.031984e+00	-2.959845e-01
4.292671e-01	3.558108e-01	-1.455238e-01	-6.982292e-01	-1.039009e+00	-1.065499e+00	-8.239909e-01	-4.540147e-01
-1.137875e-01	7.903899e-02	8.303884e-02	-6.721972e-02	-2.849045e-01	-4.692113e-01	-5.459264e-01	-4.878651e-01
-3.149652e-01	-8.386870e-02	1.350057e-01	2.827698e-01	3.231328e-01	2.517510e-01	9.155193e-02	-1.182744e-01
-3.348268e-01	-5.247115e-01	-6.665835e-01	-7.509138e-01	-7.800264e-01	-7.577669e-01	-6.905617e-01	-5.874160e-01
-4.551977e-01	-3.071526e-01	-1.562454e-01	-1.621334e-02	1.027660e-01	1.938614e-01	2.560923e-01	2.906130e-01
3.061088e-01	3.123414e-01	3.182438e-01	3.297866e-01	3.453628e-01	3.602195e-01	3.666220e-01	3.552982e-01
3.199801e-01	2.564772e-01	1.708349e-01	7.008002e-02	-3.799811e-02	-1.438384e-01	-2.422959e-01	-3.279149e-01
-3.976706e-01	-4.485538e-01	-4.780025e-01	-4.856918e-01	-4.736317e-01	-4.478706e-01	-4.170056e-01	-3.953720e-01
-3.945103e-01	-4.236694e-01	-4.858588e-01	-5.744794e-01	-6.728458e-01	-7.522096e-01	-7.806500e-01	-7.305028e-01
-5.883120e-01	-3.640506e-01	-8.809486e-02	1.916649e-01	4.198576e-01	5.494610e-01	5.611395e-01	4.684099e-01
3.162424e-01	1.695980e-01	8.526692e-02	9.353628e-02	1.789451e-01	2.797300e-01	3.085156e-01	1.871751e-01
-1.148248e-01	-5.557662e-01	-1.022074e+00	-1.356469e+00	-1.422086e+00	-1.170317e+00	-6.989024e-01	-2.621505e-01
-2.256087e-01	-9.512810e-01	-2.647625e+00	-5.209364e+00	-8.105627e+00	-1.036453e+01	-1.068287e+01	-7.654859e+00
-9.555916e-02	1.262525e+01	3.031052e+01	5.180919e+01	7.508021e+01	9.746472e+01	1.161092e+02	1.284752e+02
1.328134e+02	1.284948e+02	1.161426e+02	9.750230e+01	7.511457e+01	5.183746e+01	3.033887e+01	1.266453e+01
-2.956684e-02	-7.545175e+00	-1.051749e+01	-1.014255e+01	-7.833630e+00	-4.901105e+00	-2.317982e+00	-6.114437e-01
1.223439e-01	1.030504e-01	-2.957792e-01	-7.064801e-01	-8.835170e-01	-7.465332e-01	-3.681426e-01	9.464721e-02
4.701809e-01	6.431140e-01	5.852501e-01	3.510343e-01	4.719918e-02	-2.116603e-01	-3.457698e-01	-3.315459e-01
-1.995150e-01	-2.258118e-02	1.218759e-01	1.760616e-01	1.216965e-01	-1.365708e-02	-1.734525e-01	-2.922198e-01
-3.191983e-01	-2.328489e-01	-4.704358e-02	1.953677e-01	4.351752e-01	6.157035e-01	7.042505e-01	6.938052e-01
6.082461e-01	4.885532e-01	3.816884e-01	3.261055e-01	3.392723e-01	4.129938e-01	5.166129e-01	6.063818e-01
6.418793e-01	5.956394e-01	4.602513e-01	2.518787e-01	5.787933e-03	-2.331593e-01	-4.199738e-01	-5.220021e-01
-5.262912e-01	-4.402592e-01	-2.850545e-01	-9.388212e-02	1.027914e-01	2.800166e-01	4.245542e-01	5.379327e-01
6.293316e-01	7.121671e-01	7.994447e-01	8.988777e-01	1.009708e+00	1.121922e+00	1.215003e+00	1.264590e+00
1.247545e+00	1.145641e+00	9.528914e-01	6.785178e-01	3.505952e-01	1.280061e-02	-2.848514e-01	-4.930356e-01
-5.784316e-01	-5.343645e-01	-3.870965e-01	-1.910488e-01	-9.355618e-03	1.027155e-01	1.129252e-01	2.734754e-02
-1.119430e-01	-2.387747e-01	-2.905652e-01	-2.309390e-01	-7.268290e-02	1.232716e-01	2.668137e-01	2.744176e-01
1.052065e-01	-2.097583e-01	-5.630946e-01	-8.064778e-01	-8.079807e-01	-5.255224e-01	-6.360667e-02	3.173155e-01
2.501798e-01	-6.290311e-01	-2.516575e+00	-5.283746e+00	-8.370005e+00	-1.076428e+01	-1.112610e+01	-8.021997e+00
-2.539941e-01	1.280511e+01	3.093368e+01	5.293925e+01	7.672714e+01	9.957812e+01	1.185874e+02	1.311752e+02
1.355671e+02	1.311353e+02	1.185174e+02	9.949433e+01	7.665139e+01	5.289706e+01	3.094677e+01	1.288607e+01
-1.025837e-01	-7.812097e+00	-1.088071e+01	-1.051728e+01	-8.156005e+00	-5.133635e+00	-2.446969e+00	-6.432570e-01
1.644909e-01	1.824705e-01	-2.234140e-01	-6.868454e-01	-9.530255e-01	-9.324450e-01	-6.783155e-01	-3.295901e-01
-3.572856e-02	1.050399e-01	7.781368e-02	-5.881517e-02	-2.042383e-01	-2.598573e-01	-1.725503e-01	5.147571e-02
3.502617e-01	6.299657e-01	7.993951e-01	8.040806e-01	6.401247e-01	3.530607e-01	1.998209e-02	-2.803655e-01
-4.873317e-01	-5.788319e-01	-5.681816e-01	-4.975967e-01	-4.167818e-01	-3.635840e-01	-3.547269e-01	-3.805942e-01
-4.100282e-01	-4.038769e-01	-3.303263e-01	-1.767397e-01	4.530306e-02	2.993271e-01	5.394041e-01	7.175633e-01
7.974826e-01	7.628574e-01	6.226381e-01	3.995607e-01	1.302427e-01	-1.512261e-01	-4.142901e-01	-6.397340e-01
-8.188258e-01	-9.505937e-01	-1.038376e+00	-1.083035e+00	-1.085418e+00	-1.044270e+00	-9.620328e-01	-8.448389e-01
-7.061519e-01	-5.625017e-01	-4.308220e-01	-3.244513e-01	-2.509831e-01	-2.126723e-01	-2.054624e-01	-2.232376e-01
-2.607268e-01	-3.122429e-01	-3.747432e-01	-4.444019e-01	-5.095840e-01	-5.542906e-01	-5.557522e-01	-4.906465e-01
-3.424952e-01	-1.101220e-01	1.876896e-01	5.111662e-01	8.085810e-01	1.029428e+00	1.144969e+00	1.156164e+00
1.094291e+00	1.011297e+00	9.578408e-01	9.649542e-01	1.025155e+00	1.086274e+00	1.072913e+00	9.174878e-01
5.929621e-01	1.412292e-01	-3.250309e-01	-6.597630e-01	-7.361561e-01	-5.134296e-01	-9.645844e-02	2.587658e-01
1.915935e-01	-6.539463e-01	-2.474889e+00	-5.146870e+00	-8.119733e+00	-1.039827e+01	-1.065447e+01	-7.462404e+00
3.861853e-01	1.353179e+01	3.177537e+01	5.394148e+01	7.794366e+01	1.010538e+02	1.203397e+02	1.331770e+02
1.377410e+02	1.333572e+02	1.206361e+02	1.013565e+02	7.813058e+01	5.391278e+01	3.148419e+01	1.299481e+01
-3.238316e-01	-8.234884e+00	-1.137787e+01	-1.098803e+01	-8.543428e+00	-5.430341e+00	-2.685967e+00	-8.811771e-01
-1.342178e-01	-2.255229e-01	-7.631147e-01	-1.351209e+00	-1.708412e+00	-1.723651e+00	-1.443730e+00	-1.011037e+00
-5.918708e-01	-3.048458e-01	-1.892560e-01	-2.077007e-01	-2.749594e-01	-3.002762e-01	-2.222468e-01	-3.287358e-02
2.302751e-01	4.956909e-01	6.922699e-01	7.723300e-01	7.252888e-01	5.767915e-01	3.796368e-01	1.921874e-01
5.984483e-02	4.793448e-03	2.089358e-02	8.057243e-02	1.494141e-01	1.987632e-01	2.158644e-01	1.982434e-01
1.580609e-01	1.102117e-01	6.836047e-02	3.867965e-02	1.964056e-02	3.103418e-03	-1.899863e-02	-5.000905e-02
-8.880427e-02	-1.279535e-01	-1.553868e-01	-1.631945e-01	-1.452098e-01	-9.773005e-02	-2.561344e-02	6.631663e-02
1.709630e-01	2.767647e-01	3.721643e-01	4.466306e-01	4.874992e-01	4.834444e-01	4.235685e-01	3.042581e-01
1.292344e-01	-8.855676e-02	-3.223774e-01	-5.374575e-01	-6.970997e-01	-7.723230e-01	-7.520664e-01	-6.468224e-01
-4.893740e-01	-3.247570e-01	-1.998385e-01	-1.487671e-01	-1.802266e-01	-2.742342e-01	-3.849575e-01	-4.572015e-01
-4.406522e-01	-3.084862e-01	-7.055960e-02	2.274263e-01	5.137412e-01	7.160420e-01	7.851665e-01	7.136897e-01
5.371928e-01	3.237000e-01	1.483820e-01	6.352549e-02	7.679443e-02	1.430173e-01	1.828910e-01	1.138790e-01
-1.150032e-01	-4.850361e-01	-9.064041e-01	-1.244102e+00	-1.376539e+00	-1.258962e+00	-9.797553e-01	-7.746078e-01
-9.796013e-01	-1.927768e+00	-3.796884e+00	-6.455100e+00	-9.362089e+00	-1.154937e+01	-1.172922e+01	-8.525894e+00
-7.895047e-01	1.208178e+01	2.986863e+01	5.141311e+01	7.468383e+01	9.704445e+01	1.156753e+02	1.280678e+02
1.324917e+02	1.283236e+02	1.161701e+02	9.774684e+01	7.555439e+01	5.241268e+01	3.096561e+01	1.325225e+01
4.379900e-01	-7.256629e+00	-1.043450e+01	-1.025576e+01	-8.108312e+00	-5.288006e+00	-2.766381e+00	-1.076097e+00
-3.297512e-01	-3.259200e-01	-7.033110e-01	-1.098716e+00	-1.262228e+00	-1.104676e+00	-6.821923e-01	-1.448945e-01
3.411524e-01	6.553618e-01	7.541651e-01	6.723465e-01	4.961016e-01	3.229908e-01	2.223118e-01	2.192376e-01
2.894366e-01	3.811023e-01	4.348975e-01	4.112100e-01	3.007711e-01	1.271228e-01	-6.284882e-02	-2.214350e-01
-3.131759e-01	-3.252158e-01	-2.680208e-01	-1.718085e-01	-7.434081e-02	-7.798107e-03	7.666927e-03	-3.059183e-02
-1.140232e-01	-2.264182e-01	-3.509112e-01	-4.749199e-01	-5.930929e-01	-7.043277e-01	-8.050843e-01	-8.903044e-01
-9.534179e-01	-9.849688e-01	-9.712764e-01	-9.028476e-01	-7.778614e-01	-5.986385e-01	-3.765978e-01	-1.273087e-01
1.295526e-01	3.762004e-01	5.967452e-01	7.767559e-01	9.019295e-01	9.605248e-01	9.428683e-01	8.431467e-01
6.604737e-01	4.059438e-01	9.913182e-02	-2.254597e-01	-5.309999e-01	-7.810597e-01	-9.457973e-01	-1.009916e+00
-9.785772e-01	-8.723886e-01	-7.221026e-01	-5.601208e-01	-4.110516e-01	-2.853950e-01	-1.756773e-01	-7.113098e-02
3.845332e-02	1.506644e-01	2.484710e-01	3.033013e-01	2.817361e-01	1.636201e-01	-4.270278e-02	-2.995192e-01
-5.424000e-01	-6.962864e-01	-7.036561e-01	-5.503312e-01	-2.815948e-01	8.193215e-03	2.018194e-01	1.976788e-01
-4.336356e-02	-4.713595e-01	-9.541136e-01	-1.312279e+00	-1.385088e+00	-1.115277e+00	-6.022843e-01	-1.200871e-01
-6.144735e-02	-8.141278e-01	-2.600669e+00	-5.307178e+00	-8.375126e+00	-1.078294e+01	-1.116508e+01	-8.062064e+00
-2.492730e-01	1.291604e+01	3.121865e+01	5.345638e+01	7.751308e+01	1.006399e+02	1.198976e+02	1.326769e+02
1.371826e+02	1.327751e+02	1.200945e+02	1.009311e+02	7.788619e+01	5.389046e+01	3.168285e+01	1.337466e+01
1.703771e-01	-7.705337e+00	-1.087656e+01	-1.054480e+01	-8.146462e+00	-5.026379e+00	-2.200025e+00	-2.398811e-01
7.137987e-01	8.428410e-01	4.979586e-01	3.601718e-02	-2.864432e-01	-3.599364e-01	-2.131419e-01	4.272961e-02
2.813225e-01	4.120100e-01	4.090521e-01	3.079829e-01	1.742001e-01	7.094192e-02	3.486412e-02	5.943422e-02
1.065124e-01	1.256560e-01	8.051091e-02	-3.542670e-02	-1.958702e-01	-3.457265e-01	-4.268578e-01	-3.985750e-01
-2.489447e-01	-3.923681e-03	2.849471e-01	5.573721e-01	7.604058e-01	8.654056e-01	8.710767e-01	8.005048e-01
6.916005e-01	5.850781e-01	5.127484e-01	4.907929e-01	5.169374e-01	5.804446e-01	6.661244e-01	7.583132e-01
8.470409e-01	9.236038e-01	9.800426e-01	1.006861e+00	9.927300e-01	9.245443e-01	7.968070e-01	6.106891e-01
3.815019e-01	1.364503e-01	-9.140207e-02	-2.683693e-01	-3.721327e-01	-3.939274e-01	-3.438306e-01	-2.462752e-01
-1.343115e-01	-3.931381e-02	1.783195e-02	2.980460e-02	3.340681e-03	-4.720319e-02	-1.084953e-01	-1.707102e-01
-2.313863e-01	-2.949588e-01	-3.715595e-01	-4.628446e-01	-5.576391e-01	-6.263007e-01	-6.353582e-01	-5.514019e-01
-3.582370e-01	-7.094831e-02	2.618553e-01	5.674537e-01	7.640309e-01	7.882738e-01	6.175080e-01	2.776072e-01
-1.530568e-01	-5.715890e-01	-8.752050e-01	-1.001421e+00	-9.488799e-01	-7.767750e-01	-5.890629e-01	-4.898738e-01
-5.406703e-01	-7.301424e-01	-9.692398e-01	-1.123380e+00	-1.074649e+00	-7.893879e-01	-3.727213e-01	-8.273384e-02
-2.764835e-01	-1.296601e+00	-3.310927e+00	-6.157210e+00	-9.237805e+00	-1.150814e+01	-1.160879e+01	-8.095321e+00
2.248416e-01	1.395149e+01	3.282023e+01	5.558163e+01	8.007875e+01	1.035317e+02	1.229793e+02	1.358007e+02
1.401986e+02	1.355419e+02	1.224901e+02	1.028684e+02	7.931834e+01	5.481455e+01	3.214072e+01	1.344119e+01
-5.786656e-02	-8.128368e+00	-1.140969e+01	-1.112872e+01	-8.750592e+00	-5.646119e+00	-2.846530e+00	-9.220645e-01
2.848873e-03	1.328408e-01	-1.647603e-01	-5.237095e-01	-6.946241e-01	-5.936642e-01	-2.862131e-01	7.709619e-02
3.367393e-01	3.900799e-01	2.210529e-01	-9.982851e-02	-4.569896e-01	-7.299660e-01	-8.408449e-01	-7.763974e-01
-5.839004e-01	-3.504175e-01	-1.739190e-01	-1.238649e-01	-2.250412e-01	-4.505438e-01	-7.376362e-01	-1.005224e+00
-1.181216e+00	-1.222635e+00	-1.123789e+00	-9.107995e-01	-6.358939e-01	-3.573964e-01	-1.280690e-01	1.490173e-02
6.024834e-02	1.398252e-02	-1.006519e-01	-2.530871e-01	-4.109267e-01	-5.469860e-01	-6.424836e-01	-6.869309e-01
-6.782452e-01	-6.206106e-01	-5.233115e-01	-3.979559e-01	-2.581244e-01	-1.164861e-01	1.846727e-02	1.430985e-01
2.563941e-01	3.546848e-01	4.377240e-01	5.019493e-01	5.410554e-01	5.469309e-01	5.098009e-01	4.277732e-01
3.036324e-01	1.494446e-01	-1.635257e-02	-1.671690e-01	-2.771771e-01	-3.263070e-01	-3.051938e-01	-2.225100e-01
-9.869748e-02	3.476604e-02	1.470108e-01	2.185351e-01	2.442137e-01	2.390271e-01	2.315766e-01	2.536384e-01
3.269992e-01	4.538028e-01	6.127329e-01	7.630916e-01	8.587803e-01	8.627564e-01	7.639567e-01	5.898517e-01
3.986665e-01	2.604804e-01	2.314023e-01	3.289138e-01	5.166426e-01	7.116173e-01	8.062102e-01	7.123765e-01
4.039039e-01	-5.857792e-02	-5.345935e-01	-8.425172e-01	-8.323234e-01	-4.639180e-01	1.327846e-01	6.470305e-01
6.544770e-01	-2.542945e-01	-2.300707e+00	-5.344202e+00	-8.768133e+00	-1.146828e+01	-1.198785e+01	-8.776291e+00
-5.469524e-01	1.335646e+01	3.267671e+01	5.611315e+01	8.140619e+01	1.056437e+02	1.257319e+02	1.389450e+02
1.434307e+02	1.385628e+02	1.250609e+02	1.048481e+02	8.068231e+01	5.564249e+01	3.258540e+01	1.368440e+01
1.513515e-01	-7.830138e+00	-1.096109e+01	-1.053176e+01	-8.058100e+00	-4.942864e+00	-2.224020e+00	-4.606330e-01
2.460678e-01	1.282234e-01	-4.127577e-01	-9.808363e-01	-1.299203e+00	-1.267356e+00	-9.389553e-01	-4.660413e-01
-1.970838e-02	2.742026e-01	3.687138e-01	3.009793e-01	1.560632e-01	3.038794e-02	-7.795517e-03	6.159796e-02
2.121986e-01	3.866301e-01	5.231937e-01	5.794801e-01	5.437956e-01	4.363568e-01	2.994917e-01	1.759065e-01
9.750402e-02	7.225635e-02	8.908830e-02	1.206736e-01	1.338094e-01	1.052554e-01	2.114652e-02	-1.122877e-01
-2.765780e-01	-4.476830e-01	-6.032487e-01	-7.241066e-01	-8.006886e-01	-8.338484e-01	-8.279126e-01	-7.913785e-01
-7.299304e-01	-6.492556e-01	-5.547953e-01	-4.544491e-01	-3.526203e-01	-2.600517e-01	-1.838998e-01	-1.285420e-01
-8.970146e-02	-5.907063e-02	-2.212159e-02	3.404783e-02	1.176332e-01	2.291164e-01	3.557131e-01	4.775903e-01
5.694932e-01	6.101010e-01	5.870173e-01	5.014752e-01	3.685585e-01	2.128173e-01	6.318608e-02	-5.511628e-02
-1.283820e-01	-1.561526e-01	-1.506419e-01	-1.294979e-01	-1.085286e-01	-9.838204e-02	-9.671023e-02	-9.598810e-02
-8.410706e-02	-5.252963e-02	-4.024340e-03	4.455193e-02	6.525499e-02	3.350885e-02	-6.112809e-02	-2.077839e-01
-3.717079e-01	-5.075598e-01	-5.749851e-01	-5.614382e-01	-4.935739e-01	-4.335324e-01	-4.582767e-01	-6.292781e-01
-9.546981e-01	-1.372909e+00	-1.755082e+00	-1.940167e+00	-1.799123e+00	-1.305494e+00	-5.900050e-01	5.570092e-02
2.316218e-01	-4.484331e-01	-2.196707e+00	-4.890323e+00	-7.956614e+00	-1.036876e+01	-1.075670e+01	-7.657308e+00
1.562906e-01	1.332422e+01	3.162687e+01	5.385485e+01	7.788213e+01	1.009565e+02	1.201350e+02	1.328105e+02
1.371930e+02	1.326515e+02	1.198345e+02	1.005435e+02	7.738597e+01	5.328768e+01	3.098484e+01	1.257892e+01
-7.294829e-01	-8.714738e+00	-1.199474e+01	-1.176053e+01	-9.431177e+00	-6.338891e+00	-3.489805e+00	-1.452282e+00
-3.713135e-01	-7.816191e-02	-2.406567e-01	-5.181306e-01	-6.671475e-01	-5.892096e-01	-3.177260e-01	3.197782e-02
3.296721e-01	4.876272e-01	4.805192e-01	3.478514e-01	1.632175e-01	2.314233e-03	-8.729790e-02	-9.827590e-02
-6.453721e-02	-3.603653e-02	-5.993119e-02	-1.578225e-01	-3.175562e-01	-5.047893e-01	-6.681127e-01	-7.640304e-01
-7.691918e-01	-6.842521e-01	-5.343619e-01	-3.612949e-01	-2.065122e-01	-9.709011e-02	-4.192016e-02	-3.157832e-02
-4.033077e-02	-4.213478e-02	-1.652365e-02	4.079892e-02	1.196927e-01	2.009818e-01	2.587811e-01	2.760190e-01
2.464955e-01	1.737555e-01	7.526575e-02	-2.609492e-02	-1.085784e-01	-1.584984e-01	-1.683477e-01	-1.422275e-01
-9.023744e-02	-2.088875e-02	5.950150e-02	1.496032e-01	2.536018e-01	3.760910e-01	5.174923e-01	6.726209e-01
8.265152e-01	9.569792e-01	1.042232e+00	1.065221e+00	1.019065e+00	9.118518e-01	7.591967e-01	5.817647e-01
3.985482e-01	2.222914e-01	5.520572e-02	-1.040748e-01	-2.578330e-01	-4.053609e-01	-5.351614e-01	-6.287529e-01
-6.664198e-01	-6.372273e-01	-5.480099e-01	-4.260586e-01	-3.124927e-01	-2.517298e-01	-2.759295e-01	-3.876743e-01
-5.614937e-01	-7.473000e-01	-8.911851e-01	-9.585161e-01	-9.526414e-01	-9.138941e-01	-9.098647e-01	-1.004245e+00
-1.221289e+00	-1.518331e+00	-1.785691e+00	-1.878979e+00	-1.674842e+00	-1.140771e+00	-3.926813e-01	2.965906e-01
5.403221e-01	-3.994909e-02	-1.664785e+00	-4.234078e+00	-7.209132e+00	-9.599594e+00	-1.007126e+01	-7.182932e+00
2.884608e-01	1.301014e+01	3.080610e+01	5.252590e+01	7.611194e+01	9.886701e+01	1.178862e+02	1.305733e+02
1.351214e+02	1.308596e+02	1.183832e+02	9.943750e+01	7.658798e+01	5.274006e+01	3.062461e+01	1.236452e+01
-8.172438e-01	-8.670548e+00	-1.180111e+01	-1.140084e+01	-8.907404e+00	-5.680812e+00	-2.752608e+00	-7.150455e-01
2.765132e-01	4.007214e-01	9.252097e-03	-5.236681e-01	-9.195491e-01	-1.047505e+00	-9.193784e-01	-6.388446e-01
-3.327177e-01	-9.937074e-02	2.467336e-02	6.431854e-02	7.805435e-02	1.301129e-01	2.591456e-01	4.654217e-01
7.097981e-01	9.314223e-01	1.067443e+00	1.081009e+00	9.667800e-01	7.505314e-01	4.822805e-01	2.181991e-01
4.750091e-03	-1.319955e-01	-1.871844e-01	-1.738889e-01	-1.165941e-01	-4.195040e-02	3.181133e-02	9.241531e-02
1.367382e-01	1.699668e-01	1.956046e-01	2.199117e-01	2.454866e-01	2.726226e-01	2.994460e-01	3.210398e-01
3.333765e-01	3.311102e-01	3.099444e-01	2.661563e-01	1.963526e-01	1.022754e-01	-8.712405e-03	-1.228746e-01
-2.250185e-01	-2.986933e-01	-3.329633e-01	-3.230144e-01	-2.716933e-01	-1.897888e-01	-9.350276e-02	1.862118e-03
8.246209e-02	1.457616e-01	1.947059e-01	2.401169e-01	2.937625e-01	3.666683e-01	4.574964e-01	5.600532e-01
6.542010e-01	7.145707e-01	7.188502e-01	6.524023e-01	5.128792e-01	3.135580e-01	8.144491e-02	-1.477754e-01
-3.418746e-01	-4.805317e-01	-5.615539e-01	-6.026489e-01	-6.270348e-01	-6.583157e-01	-7.016419e-01	-7.430733e-01
-7.520081e-01	-6.930444e-01	-5.435601e-01	-3.113442e-01	-4.367964e-02	1.799963e-01	2.719858e-01	1.690763e-01
-1.318790e-01	-5.598851e-01	-9.736342e-01	-1.203995e+00	-1.121786e+00	-6.982465e-01	-5.975744e-02	5.065344e-01
6.081057e-01	-1.333852e-01	-1.924116e+00	-4.641321e+00	-7.726313e+00	-1.017643e+01	-1.065987e+01	-7.753938e+00
-2.668320e-01	1.242929e+01	3.012927e+01	5.167014e+01	7.500294e+01	9.746550e+01	1.162108e+02	1.286998e+02
1.331758e+02	1.290011e+02	1.167713e+02	9.820638e+01	7.582168e+01	5.245922e+01	3.079126e+01	1.288498e+01
-6.532157e-02	-7.817662e+00	-1.096383e+01	-1.066770e+01	-8.337985e+00	-5.300021e+00	-2.561299e+00	-6.905301e-01
1.687382e-01	2.012128e-01	-2.359208e-01	-7.689237e-01	-1.125082e+00	-1.187049e+00	-9.830337e-01	-6.340952e-01
-2.890672e-01	-5.849624e-02	1.728090e-02	-3.061737e-02	-1.241191e-01	-1.774595e-01	-1.340324e-01	1.708513e-02
2.383979e-01	4.593959e-01	6.096340e-01	6.389061e-01	5.329527e-01	3.194007e-01	5.601066e-02	-1.881764e-01
-3.549773e-01	-4.164588e-01	-3.742196e-01	-2.647327e-01	-1.344652e-01	-3.221404e-02	7.293988e-03	-2.700622e-02
-1.229730e-01	-2.521685e-01	-3.764174e-01	-4.601601e-01	-4.814270e-01	-4.334192e-01	-3.261539e-01	-1.784204e-01
-1.673386e-02	1.342846e-01	2.558933e-01	3.361752e-01	3.710726e-01	3.633063e-01	3.221637e-01	2.590485e-01
1.859594e-01	1.165142e-01	6.263742e-02	3.480172e-02	4.026597e-02	7.937459e-02	1.473380e-01	2.343079e-01
3.276589e-01	4.143698e-01	4.830515e-01	5.289534e-01	5.546874e-01	5.687761e-01	5.808375e-01	5.935178e-01
5.981264e-01	5.828996e-01	5.278986e-01	4.170793e-01	2.471659e-01	3.248324e-02	-1.923512e-01	-3.775324e-01
-4.740660e-01	-4.468341e-01	-2.864932e-01	-1.857154e-02	3.043045e-01	6.188089e-01	8.664573e-01	1.017255e+00
1.070663e+00	1.053543e+00	1.006806e+00	9.583239e-01	9.060581e-01	8.149557e-01	6.289701e-01	3.030081e-01
-1.673845e-01	-7.209378e-01	-1.231561e+00	-1.541143e+00	-1.520718e+00	-1.139912e+00	-5.227521e-01	4.280789e-02
1.618315e-01	-5.516342e-01	-2.310101e+00	-4.993705e+00	-8.033681e+00	-1.040370e+01	-1.073576e+01	-7.565378e+00
3.343814e-01	1.360427e+01	3.202226e+01	5.437445e+01	7.853320e+01	1.017357e+02	1.210297e+02	1.337978e+02
1.382391e+02	1.337166e+02	1.208774e+02	1.015290e+02	7.829074e+01	5.410932e+01	3.173503e+01	1.328752e+01
-2.615578e-02	-7.983971e+00	-1.121725e+01	-1.093458e+01	-8.579438e+00	-5.502972e+00	-2.721411e+00	-8.078497e-01
9.837094e-02	1.824621e-01	-2.070975e-01	-7.096761e-01	-1.064878e+00	-1.164060e+00	-1.034797e+00	-7.875706e-01
-5.427356e-01	-3.868520e-01	-3.388545e-01	-3.561555e-01	-3.677360e-01	-3.082584e-01	-1.476237e-01	9.043384e-02
3.430408e-01	5.322927e-01	5.916197e-01	4.923514e-01	2.522850e-01	-7.132293e-02	-3.974488e-01	-6.486816e-01
-7.748130e-01	-7.629214e-01	-6.351923e-01	-4.385011e-01	-2.257296e-01	-3.839918e-02	1.006648e-01	1.946235e-01
2.630663e-01	3.278957e-01	4.064182e-01	5.021740e-01	6.002826e-01	6.747226e-01	6.959556e-01	6.453110e-01
5.143959e-01	3.124816e-01	6.585820e-02	-1.915869e-01	-4.277533e-01	-6.172183e-01	-7.443145e-01	-8.063586e-01
-8.084330e-01	-7.616813e-01	-6.805187e-01	-5.789406e-01	-4.683146e-01	-3.599705e-01	-2.662390e-01	-1.970762e-01
-1.607002e-01	-1.571931e-01	-1.790496e-01	-2.060657e-01	-2.109473e-01	-1.632735e-01	-4.419064e-02	1.513522e-01
4.064179e-01	6.870915e-01	9.473973e-01	1.143583e+00	1.248320e+00	1.258883e+00	1.193615e+00	1.089892e+00
9.874207e-01	9.099648e-01	8.559800e-01	7.999137e-01	6.954193e-01	5.047314e-01	2.158771e-01	-1.435253e-01
-5.034864e-01	-7.670586e-01	-8.447012e-01	-6.867714e-01	-3.079723e-01	2.023839e-01	7.038578e-01	1.046619e+00
1.127362e+00	9.244159e-01	5.162135e-01	5.864519e-02	-2.806509e-01	-3.965299e-01	-3.177375e-01	-2.391693e-01
-4.788957e-01	-1.377954e+00	-3.143477e+00	-5.688724e+00	-8.509829e+00	-1.066477e+01	-1.087346e+01	-7.754232e+00
-1.328775e-01	1.261297e+01	3.028272e+01	5.172289e+01	7.489414e+01	9.714425e+01	1.156342e+02	1.278457e+02
1.320538e+02	1.276553e+02	1.152846e+02	9.669556e+01	7.441631e+01	5.127910e+01	2.992124e+01	1.235900e+01
-2.782355e-01	-7.805037e+00	-1.084913e+01	-1.058473e+01	-8.394941e+00	-5.560294e+00	-3.028935e+00	-1.318023e+00
-5.279342e-01	-4.583550e-01	-7.622066e-01	-1.095917e+00	-1.229660e+00	-1.085382e+00	-7.274211e-01	-2.973455e-01
5.215750e-02	2.170608e-01	1.726762e-01	-3.086885e-02	-3.004988e-01	-5.316294e-01	-6.544275e-01	-6.424759e-01
-5.187724e-01	-3.396070e-01	-1.667787e-01	-5.046176e-02	-9.346000e-03	-3.332743e-02	-8.958519e-02	-1.400155e-01
-1.540682e-01	-1.169608e-01	-3.488491e-02	7.246277e-02	1.786099e-01	2.630470e-01	3.099152e-01	3.163145e-01
2.837348e-01	2.206409e-01	1.394680e-01	5.445707e-02	-1.844373e-02	-6.724588e-02	-7.995821e-02	-5.040575e-02
2.284318e-02	1.306388e-01	2.554777e-01	3.780054e-01	4.720394e-01	5.184368e-01	5.069783e-01	4.401047e-01
3.348230e-01	2.170226e-01	1.127008e-01	4.108336e-02	1.062951e-02	1.439680e-02	3.467758e-02	4.545357e-02
2.953350e-02	-2.052471e-02	-9.551830e-02	-1.741539e-01	-2.287286e-01	-2.349073e-01	-1.813819e-01	-7.618691e-02
5.172703e-02	1.615838e-01	2.093658e-01	1.719548e-01	4.900096e-02	-1.303178e-01	-3.093078e-01	-4.259988e-01
-4.277894e-01	-2.918868e-01	-3.629680e-02	2.846727e-01	5.947730e-01	8.240348e-01	9.284743e-01	9.083433e-01
8.076406e-01	6.971483e-01	6.471871e-01	6.912150e-01	8.087393e-01	9.242092e-01	9.325094e-01	7.419127e-01
3.182395e-01	-2.855352e-01	-9.229425e-01	-1.401870e+00	-1.554817e+00	-1.317567e+00	-7.960786e-01	-2.781667e-01
-1.784863e-01	-9.115705e-01	-2.715517e+00	-5.480200e+00	-8.625082e+00	-1.108787e+01	-1.144743e+01	-8.181819e+00
-1.708112e-02	1.371190e+01	3.276868e+01	5.588815e+01	8.085622e+01	1.048065e+02	1.246813e+02	1.377791e+02
1.422485e+02	1.374451e+02	1.240595e+02	1.039786e+02	7.992893e+01	5.496576e+01	3.193666e+01	1.302375e+01
-5.415886e-01	-8.551393e+00	-1.168242e+01	-1.120442e+01	-8.628221e+00	-5.359560e+00	-2.449934e+00	-4.820300e-01
4.185834e-01	4.677282e-01	4.595160e-02	-4.588586e-01	-7.727247e-01	-7.867317e-01	-5.450911e-01	-1.839827e-01
1.467024e-01	3.397480e-01	3.649425e-01	2.639861e-01	1.199011e-01	1.447378e-02	-3.852297e-03	6.306313e-02
1.671338e-01	2.403299e-01	2.196283e-01	7.971587e-02	-1.611904e-01	-4.452081e-01	-6.945899e-01	-8.384920e-01
-8.342446e-01	-6.811818e-01	-4.197602e-01	-1.151435e-01	1.584613e-01	3.432527e-01	4.090128e-01	3.552679e-01
2.084677e-01	1.077882e-02	-1.902324e-01	-3.594450e-01	-4.752347e-01	-5.316913e-01	-5.327622e-01	-4.882288e-01
-4.084491e-01	-3.024382e-01	-1.755471e-01	-3.411178e-02	1.140016e-01	2.551797e-01	3.758230e-01	4.625395e-01
5.049785e-01	4.986414e-01	4.457172e-01	3.555115e-01	2.392022e-01	1.100891e-01	-2.437279e-02	-1.542566e-01
-2.759614e-01	-3.837473e-01	-4.741439e-01	-5.350219e-01	-5.561594e-01	-5.268457e-01	-4.439784e-01	-3.133933e-01
-1.569277e-01	-8.357792e-03	9.804190e-02	1.350518e-01	9.440134e-02	-1.134886e-02	-1.505513e-01	-2.787452e-01
-3.551063e-01	-3.503692e-01	-2.640592e-01	-1.215680e-01	3.132399e-02	1.480464e-01	1.991516e-01	1.847142e-01
1.376284e-01	1.134834e-01	1.654597e-01	3.213511e-01	5.619005e-01	8.247953e-01	1.016390e+00	1.047540e+00
8.760615e-01	5.338003e-01	1.265532e-01	-1.936250e-01	-2.893646e-01	-1.090762e-01	2.530375e-01	5.504848e-01
4.281467e-01	-4.697797e-01	-2.336418e+00	-5.047047e+00	-8.044426e+00	-1.032863e+01	-1.057101e+01	-7.352044e+00
5.158513e-01	1.364462e+01	3.180017e+01	5.378131e+01	7.748923e+01	1.002121e+02	1.190607e+02	1.314776e+02
1.357156e+02	1.311713e+02	1.185039e+02	9.950252e+01	7.674182e+01	5.310888e+01	3.128750e+01	1.333203e+01
3.987924e-01	-7.319984e+00	-1.045910e+01	-1.020941e+01	-7.978216e+00	-5.071318e+00	-2.464308e+00	-6.944554e-01
1.194219e-01	1.684227e-01	-2.024317e-01	-6.434614e-01	-9.065658e-01	-8.913584e-01	-6.368994e-01	-2.616465e-01
9.428297e-02	3.251998e-01	3.868494e-01	2.999489e-01	1.226900e-01	-7.876250e-02	-2.529302e-01	-3.772808e-01
-4.576135e-01	-5.144408e-01	-5.627953e-01	-6.050822e-01	-6.300354e-01	-6.178974e-01	-5.555983e-01	-4.450747e-01
-3.098249e-01	-1.827372e-01	-1.048898e-01	-1.084031e-01	-2.025298e-01	-3.669492e-01	-5.646028e-01	-7.477178e-01
-8.764964e-01	-9.289849e-01	-9.041130e-01	-8.244279e-01	-7.259149e-01	-6.394986e-01	-5.864919e-01	-5.735432e-01
-5.886763e-01	-6.064445e-01	-6.032636e-01	-5.624242e-01	-4.806159e-01	-3.687730e-01	-2.514400e-01	-1.506652e-01
-8.361025e-02	-5.948450e-02	-7.082169e-02	-1.046653e-01	-1.444385e-01	-1.776728e-01	-1.999087e-01	-2.158331e-01
-2.383180e-01	-2.804499e-01	-3.477334e-01	-4.355607e-01	-5.271481e-01	-5.976372e-01	-6.251224e-01	-5.957248e-01
-5.110055e-01	-3.867110e-01	-2.481703e-01	-1.224772e-01	-3.094508e-02	2.000564e-02	3.631912e-02	3.882443e-02
4.450074e-02	6.259505e-02	8.936171e-02	1.093236e-01	9.892013e-02	4.359351e-02	-5.526635e-02	-1.724041e-01
-2.639872e-01	-2.819826e-01	-1.949004e-01	-8.437646e-03	2.283983e-01	4.285748e-01	4.864049e-01	3.242848e-01
-7.138574e-02	-6.305331e-01	-1.204804e+00	-1.611988e+00	-1.699985e+00	-1.424665e+00	-8.999337e-01	-4.088943e-01
-3.461378e-01	-1.094677e+00	-2.861618e+00	-5.518699e+00	-8.493262e+00	-1.075905e+01	-1.095710e+01	-7.644764e+00
3.787013e-01	1.372907e+01	3.216321e+01	5.445448e+01	7.847535e+01	1.014764e+02	1.205307e+02	1.330506e+02
1.372688e+02	1.325768e+02	1.196472e+02	1.002998e+02	7.715871e+01	5.316350e+01	3.104993e+01	1.291097e+01
-8.304355e-02	-7.746850e+00	-1.074804e+01	-1.032674e+01	-7.942989e+00	-4.948690e+00	-2.344841e+00	-6.686875e-01
-1.209487e-02	-1.395610e-01	-6.605786e-01	-1.190322e+00	-1.466279e+00	-1.398172e+00	-1.051007e+00	-5.788066e-01
-1.537346e-01	1.044255e-01	1.612065e-01	6.168285e-02	-9.768352e-02	-2.168406e-01	-2.314109e-01	-1.305758e-01
3.999653e-02	2.047026e-01	2.875326e-01	2.385935e-01	5.310605e-02	-2.283021e-01	-5.376347e-01	-7.986225e-01
-9.566828e-01	-9.909417e-01	-9.205728e-01	-7.866191e-01	-6.446773e-01	-5.433677e-01	-5.121852e-01	-5.506872e-01
-6.337197e-01	-7.213630e-01	-7.696260e-01	-7.451441e-01	-6.320609e-01	-4.354385e-01	-1.804604e-01	9.717997e-02
3.586241e-01	5.711836e-01	7.110555e-01	7.666696e-01	7.422150e-01	6.540307e-01	5.274989e-01	3.919402e-01
2.728761e-01	1.911372e-01	1.602289e-01	1.802486e-01	2.420806e-01	3.299068e-01	4.253904e-01	5.096260e-01
5.713933e-01	6.045662e-01	6.104011e-01	5.928121e-01	5.582077e-01	5.089579e-01	4.441607e-01	3.558496e-01
2.319844e-01	6.290526e-02	-1.498103e-01	-3.941398e-01	-6.416964e-01	-8.521714e-01	-9.832564e-01	-9.969858e-01
-8.801446e-01	-6.481823e-01	-3.503787e-01	-5.730457e-02	1.564079e-01	2.350641e-01	1.626732e-01	-2.907139e-02
-2.685235e-01	-4.613900e-01	-5.305090e-01	-4.377548e-01	-2.047989e-01	8.779199e-02	3.246137e-01	4.007186e-01
2.655506e-01	-4.575424e-02	-4.133936e-01	-6.683480e-01	-6.603797e-01	-3.345008e-01	2.061289e-01	6.902660e-01
7.299264e-01	-6.039307e-02	-1.900008e+00	-4.678760e+00	-7.838428e+00	-1.036024e+01	-1.088349e+01	-7.947618e+00
-3.223970e-01	1.264186e+01	3.073824e+01	5.277712e+01	7.665791e+01	9.964501e+01	1.188076e+02	1.315409e+02
1.360438e+02	1.316637e+02	1.190251e+02	9.990860e+01	7.690709e+01	5.294834e+01	3.077687e+01	1.251356e+01
-6.287708e-01	-8.417796e+00	-1.148151e+01	-1.103189e+01	-8.522944e+00	-5.319851e+00	-2.454531e+00	-5.038290e-01
3.940683e-01	4.395210e-01	3.412764e-03	-5.302548e-01	-8.837587e-01	-9.377493e-01	-7.208909e-01	-3.592869e-01
-9.182207e-04	2.417488e-01	3.256030e-01	2.769497e-01	1.693967e-01	8.583901e-02	7.976162e-02	1.594257e-01
2.880917e-01	4.038696e-01	4.466951e-01	3.784004e-01	2.008501e-01	-4.548758e-02	-3.000338e-01	-4.959625e-01
-5.847413e-01	-5.487786e-01	-4.076685e-01	-2.013522e-01	1.511038e-02	1.913757e-01	2.919010e-01	3.030060e-01
2.324465e-01	1.023853e-01	-5.817803e-02	-2.196643e-01	-3.563943e-01	-4.509197e-01	-4.934374e-01	-4.820333e-01
-4.205952e-01	-3.162951e-01	-1.808231e-01	-3.011573e-02	1.193780e-01	2.491166e-01	3.426931e-01	3.898478e-01
3.892364e-01	3.496898e-01	2.845195e-01	2.129411e-01	1.563503e-01	1.287947e-01	1.408740e-01	1.940935e-01
2.860053e-01	4.062022e-01	5.423235e-01	6.807467e-01	8.097058e-01	9.151437e-01	9.793114e-01	9.850912e-01
9.145082e-01	7.550625e-01	5.113389e-01	2.031875e-01	-1.319499e-01	-4.411158e-01	-6.692401e-01	-7.695780e-01
-7.195798e-01	-5.337931e-01	-2.613047e-01	2.083011e-02	2.315640e-01	3.098701e-01	2.344931e-01	3.882414e-02
-2.053656e-01	-4.017237e-01	-4.719813e-01	-3.770779e-01	-1.461192e-01	1.337280e-01	3.449773e-01	3.777901e-01
1.857615e-01	-1.885173e-01	-6.153652e-01	-9.180652e-01	-9.403717e-01	-6.310060e-01	-1.052606e-01	3.470660e-01
3.146282e-01	-6.016814e-01	-2.621087e+00	-5.610947e+00	-8.966803e+00	-1.160974e+01	-1.211208e+01	-8.953752e+00
-8.691624e-01	1.279636e+01	3.179913e+01	5.487532e+01	7.981832e+01	1.037753e+02	1.237055e+02	1.369153e+02
1.415570e+02	1.369757e+02	1.238372e+02	1.039940e+02	8.013375e+01	5.528049e+01	3.226352e+01	1.326443e+01
-4.698406e-01	-8.699790e+00	-1.206736e+01	-1.181005e+01	-9.409636e+00	-6.258264e+00	-3.408240e+00	-1.449296e+00
-5.220171e-01	-4.269333e-01	-7.931149e-01	-1.237745e+00	-1.485530e+00	-1.424463e+00	-1.090655e+00	-6.181385e-01
-1.591290e-01	1.683105e-01	3.230250e-01	3.361992e-01	2.862622e-01	2.560246e-01	2.981445e-01	4.196991e-01
5.808788e-01	7.136278e-01	7.551766e-01	6.622429e-01	4.334574e-01	1.069813e-01	-2.531064e-01	-5.782527e-01
-8.141062e-01	-9.352119e-01	-9.441060e-01	-8.705100e-01	-7.554974e-01	-6.370189e-01	-5.421214e-01	-4.793866e-01
-4.430700e-01	-4.184935e-01	-3.893934e-01	-3.434721e-01	-2.774719e-01	-1.963379e-01	-1.125506e-01	-4.152383e-02
2.895039e-03	1.112715e-02	-1.911059e-02	-8.317853e-02	-1.686619e-01	-2.596465e-01	-3.382473e-01	-3.866448e-01
-3.954493e-01	-3.567183e-01	-2.762303e-01	-1.680322e-01	-5.169187e-02	4.429194e-02	9.469623e-02	7.999339e-02
-6.683814e-03	-1.561428e-01	-3.429950e-01	-5.289516e-01	-6.705171e-01	-7.296075e-01	-6.858135e-01	-5.451350e-01
-3.369818e-01	-1.105637e-01	8.149157e-02	1.954593e-01	2.117033e-01	1.416704e-01	2.109418e-02	-9.434617e-02
-1.521744e-01	-1.172361e-01	9.913649e-03	1.982582e-01	3.892233e-01	5.231988e-01	5.571577e-01	4.876638e-01
3.496411e-01	2.047634e-01	1.184289e-01	1.276030e-01	2.257247e-01	3.571866e-01	4.356427e-01	3.775835e-01
1.454359e-01	-2.271483e-01	-6.289403e-01	-9.072870e-01	-9.266319e-01	-6.410901e-01	-1.538291e-01	2.701068e-01
2.539326e-01	-5.708977e-01	-2.405053e+00	-5.121968e+00	-8.150674e+00	-1.046679e+01	-1.070718e+01	-7.417666e+00
6.162290e-01	1.402580e+01	3.257776e+01	5.504923e+01	7.930145e+01	1.025641e+02	1.218834e+02	1.346397e+02
1.390367e+02	1.344424e+02	1.215149e+02	1.020712e+02	7.874591e+01	5.449839e+01	3.209133e+01	1.364827e+01
3.692424e-01	-7.535387e+00	-1.071623e+01	-1.040674e+01	-8.071723e+00	-5.076402e+00	-2.444050e+00	-7.364522e-01
-6.913321e-02	-2.215417e-01	-8.044923e-01	-1.424556e+00	-1.803421e+00	-1.830895e+00	-1.551014e+00	-1.111227e+00
-6.798088e-01	-3.868705e-01	-2.824158e-01	-3.379330e-01	-4.696046e-01	-5.843635e-01	-6.125949e-01	-5.349122e-01
-3.804727e-01	-2.138656e-01	-1.043781e-01	-1.038420e-01	-2.254090e-01	-4.453491e-01	-7.136231e-01	-9.675337e-01
-1.153959e+00	-1.241201e+00	-1.221537e+00	-1.109352e+00	-9.340143e-01	-7.226776e-01	-4.973299e-01	-2.695450e-01
-4.620459e-02	1.672731e-01	3.607296e-01	5.181378e-01	6.203929e-01	6.518535e-01	6.054214e-01	4.898866e-01
3.289463e-01	1.565426e-01	5.519642e-03	-9.787033e-02	-1.401677e-01	-1.218694e-01	-5.902049e-02	2.222957e-02
9.695384e-02	1.497772e-01	1.775416e-01	1.870732e-01	1.931750e-01	2.096862e-01	2.450808e-01	2.956537e-01
3.493347e-01	3.885995e-01	3.943018e-01	3.596425e-01	2.892148e-01	2.005718e-01	1.193184e-01	7.030252e-02
6.720300e-02	1.113721e-01	1.897744e-01	2.767890e-01	3.462068e-01	3.778345e-01	3.675553e-01	3.223547e-01
2.610528e-01	2.043979e-01	1.630510e-01	1.332455e-01	1.020310e-01	5.161764e-02	-2.908749e-02	-1.337055e-01
-2.373874e-01	-3.027838e-01	-2.948954e-01	-2.036095e-01	-5.678936e-02	8.889581e-02	1.594132e-01	9.229847e-02
-1.279777e-01	-4.517719e-01	-7.623062e-01	-9.206250e-01	-8.145782e-01	-4.328002e-01	9.387662e-02	4.858374e-01
3.666087e-01	-6.149019e-01	-2.632573e+00	-5.527821e+00	-8.708354e+00	-1.114750e+01	-1.149980e+01	-8.345086e+00
-5.093803e-01	1.260116e+01	3.073950e+01	5.269947e+01	7.639027e+01	9.911662e+01	1.180060e+02	1.305157e+02
1.348967e+02	1.305269e+02	1.180311e+02	9.915834e+01	7.645218e+01	5.278157e+01	3.083957e+01	1.271329e+01
-3.938580e-01	-8.238098e+00	-1.142348e+01	-1.113110e+01	-8.782566e+00	-5.719468e+00	-2.961301e+00	-1.086748e+00
-2.376337e-01	-2.246968e-01	-6.809655e-01	-1.227580e+00	-1.586597e+00	-1.639482e+00	-1.419338e+00	-1.056209e+00
-7.014290e-01	-4.720443e-01	-4.093577e-01	-4.741237e-01	-5.797662e-01	-6.265873e-01	-5.446431e-01	-3.186857e-01
8.490177e-03	3.558088e-01	6.314278e-01	7.592909e-01	7.048829e-01	4.830331e-01	1.505189e-01	-2.154774e-01
-5.341334e-01	-7.431045e-01	-8.108451e-01	-7.378919e-01	-5.539912e-01	-3.076912e-01	-5.186540e-02	1.656202e-01
3.116681e-01	3.689927e-01	3.386115e-01	2.357768e-01	8.340471e-02	-8.710303e-02	-2.453425e-01	-3.664606e-01
-4.343226e-01	-4.415539e-01	-3.907967e-01	-2.996529e-01	-1.921195e-01	-9.391096e-02	-2.901520e-02	-1.095425e-02
-4.502295e-02	-1.218512e-01	-2.235236e-01	-3.269934e-01	-4.140790e-01	-4.734457e-01	-4.985581e-01	-4.954759e-01
-4.717472e-01	-4.347930e-01	-3.866756e-01	-3.212818e-01	-2.298517e-01	-1.050848e-01	5.035516e-02	2.263190e-01
4.012463e-01	5.465580e-01	6.332599e-01	6.417501e-01	5.702794e-01	4.351102e-01	2.709760e-01	1.231911e-01
2.831708e-02	7.029334e-03	5.068130e-02	1.268174e-01	1.914553e-01	2.019835e-01	1.336404e-01	-6.316541e-03
-1.825295e-01	-3.411472e-01	-4.305160e-01	-4.268795e-01	-3.462402e-01	-2.462180e-01	-2.043848e-01	-2.895633e-01
-5.238275e-01	-8.656079e-01	-1.205444e+00	-1.402312e+00	-1.339943e+00	-9.902733e-01	-4.645373e-01	-2.439259e-02
-2.437376e-02	-8.059955e-01	-2.548223e+00	-5.121745e+00	-7.982468e+00	-1.016479e+01	-1.039406e+01	-7.312681e+00
2.143159e-01	1.277755e+01	3.016613e+01	5.124974e+01	7.403872e+01	9.594770e+01	1.142090e+02	1.263565e+02
1.306846e+02	1.265705e+02	1.145969e+02	9.643886e+01	7.454704e+01	5.169412e+01	3.048703e+01	1.294415e+01
2.322940e-01	-7.410907e+00	-1.056675e+01	-1.037150e+01	-8.194803e+00	-5.323688e+00	-2.734809e+00	-9.792682e-01
-1.892243e-01	-1.795209e-01	-6.012340e-01	-1.092531e+00	-1.392714e+00	-1.391390e+00	-1.118931e+00	-7.002430e-01
-2.829754e-01	2.083974e-02	1.641937e-01	1.684283e-01	9.942124e-02	3.177592e-02	1.860128e-02	7.565467e-02
1.809763e-01	2.875057e-01	3.452157e-01	3.217888e-01	2.109545e-01	3.253651e-02	-1.752892e-01	-3.678516e-01
-5.135281e-01	-5.947223e-01	-6.122323e-01	-5.775768e-01	-5.048980e-01	-4.085531e-01	-2.978168e-01	-1.757796e-01
-4.645279e-02	8.342901e-02	1.992922e-01	2.824581e-01	3.158888e-01	2.898141e-01	2.083476e-01	8.756635e-02
-4.515634e-02	-1.575840e-01	-2.231374e-01	-2.299364e-01	-1.814028e-01	-9.814812e-02	-1.085718e-02	4.850972e-02
5.594854e-02	3.923027e-03	-9.849859e-02	-2.302736e-01	-3.619990e-01	-4.665694e-01	-5.232762e-01	-5.289580e-01
-4.911516e-01	-4.309547e-01	-3.691705e-01	-3.245246e-01	-3.094869e-01	-3.271939e-01	-3.726711e-01	-4.372703e-01
-5.103477e-01	-5.842161e-01	-6.536967e-01	-7.169615e-01	-7.690007e-01	-7.982399e-01	-7.935083e-01	-7.446957e-01
-6.477428e-01	-5.133634e-01	-3.698893e-01	-2.514129e-01	-1.888058e-01	-1.991918e-01	-2.748028e-01	-3.806020e-01
-4.575973e-01	-4.442794e-01	-3.011027e-01	-2.920812e-02	3.159345e-01	6.347263e-01	8.130657e-01	7.616737e-01
4.542825e-01	-4.557845e-02	-5.968372e-01	-1.017608e+00	-1.153331e+00	-9.503514e-01	-5.096102e-01	-9.522245e-02
-7.957875e-02	-8.278167e-01	-2.538220e+00	-5.093431e+00	-7.957536e+00	-1.016897e+01	-1.045699e+01	-7.474720e+00
-1.076890e-01	1.220845e+01	2.923762e+01	4.983780e+01	7.203918e+01	9.330560e+01	1.109510e+02	1.226070e+02
1.266630e+02	1.225662e+02	1.109247e+02	9.338245e+01	7.231003e+01	5.036253e+01	3.001093e+01	1.315189e+01
8.690592e-01	-6.628880e+00	-9.893048e+00	-9.981018e+00	-8.158009e+00	-5.602308e+00	-3.202401e+00	-1.463683e+00
-5.187044e-01	-2.244647e-01	-3.083215e-01	-4.948666e-01	-6.000065e-01	-5.631253e-01	-4.299129e-01	-3.033841e-01
-2.802532e-01	-4.105449e-01	-6.720119e-01	-9.894045e-01	-1.265464e+00	-1.416864e+00	-1.402463e+00	-1.235843e+00
-9.723876e-01	-6.881440e-01	-4.484679e-01	-2.898138e-01	-2.077220e-01	-1.647371e-01	-1.138976e-01	-1.605253e-02
1.435507e-01	3.476169e-01	5.551016e-01	7.132962e-01	7.817441e-01	7.391621e-01	5.932856e-01	3.789206e-01
1.462112e-01	-5.649580e-02	-1.968308e-01	-2.630514e-01	-2.649600e-01	-2.267531e-01	-1.742522e-01	-1.235727e-01
-7.763583e-02	-2.487303e-02	5.160631e-02	1.648269e-01	3.162445e-01	4.888057e-01	6.508970e-01	7.637677e-01
7.921838e-01	7.137866e-01	5.300156e-01	2.668592e-01	-3.488893e-02	-3.244912e-01	-5.552486e-01	-6.931610e-01
-7.207005e-01	-6.391190e-01	-4.680181e-01	-2.364166e-01	2.506621e-02	2.837836e-01	5.072684e-01	6.627605e-01
7.232603e-01	6.650945e-01	4.796375e-01	1.729883e-01	-2.224332e-01	-6.507131e-01	-1.040517e+00	-1.321337e+00
-1.434525e+00	-1.357495e+00	-1.111888e+00	-7.574607e-01	-3.821397e-01	-6.885718e-02	1.230086e-01	1.745203e-01
1.194180e-01	2.558698e-02	-3.113707e-02	6.744984e-03	1.466648e-01	3.430300e-01	5.098010e-01	5.570680e-01
4.336189e-01	1.556298e-01	-1.837615e-01	-4.418252e-01	-4.896664e-01	-2.843308e-01	7.333151e-02	3.238321e-01
1.042948e-01	-9.406811e-01	-2.997307e+00	-5.917923e+00	-9.107002e+00	-1.151386e+01	-1.174782e+01	-8.330312e+00
-2.465155e-02	1.380383e+01	3.291167e+01	5.604099e+01	8.100649e+01	1.049709e+02	1.249057e+02	1.381214e+02
1.427658e+02	1.381740e+02	1.249944e+02	1.050695e+02	8.108113e+01	5.605642e+01	3.283770e+01	1.362884e+01
-2.991672e-01	-8.682441e+00	-1.214270e+01	-1.191045e+01	-9.473439e+00	-6.237235e+00	-3.277238e+00	-1.211071e+00
-2.027331e-01	-6.965737e-02	-4.424089e-01	-9.280434e-01	-1.238021e+00	-1.241057e+00	-9.605095e-01	-5.223254e-01
-8.262499e-02	2.336859e-01	3.692883e-01	3.440861e-01	2.338209e-01	1.341272e-01	1.180834e-01	2.210592e-01
4.335618e-01	7.082850e-01	9.798126e-01	1.189706e+00	1.298776e+00	1.297156e+00	1.199563e+00	1.036263e+00
8.426899e-01	6.487594e-01	4.757867e-01	3.329620e-01	2.224256e-01	1.396528e-01	7.561542e-02	1.762562e-02
-4.479397e-02	-1.216978e-01	-2.143221e-01	-3.179359e-01	-4.235136e-01	-5.168622e-01	-5.796029e-01	-5.980467e-01
-5.657741e-01	-4.872028e-01	-3.796932e-01	-2.657310e-01	-1.701989e-01	-1.157179e-01	-1.122004e-01	-1.537887e-01
-2.189931e-01	-2.830191e-01	-3.208375e-01	-3.148655e-01	-2.604417e-01	-1.694602e-01	-6.226271e-02	3.610211e-02
1.089121e-01	1.450007e-01	1.481284e-01	1.304130e-01	1.124948e-01	1.064089e-01	1.174081e-01	1.335393e-01
1.342859e-01	9.228946e-02	-1.595316e-02	-1.987929e-01	-4.441084e-01	-7.144873e-01	-9.560877e-01	-1.112235e+00
-1.144604e+00	-1.040443e+00	-8.256256e-01	-5.581436e-01	-3.170666e-01	-1.728353e-01	-1.678357e-01	-3.014026e-01
-5.243749e-01	-7.552235e-01	-9.102667e-01	-9.338887e-01	-8.237297e-01	-6.336874e-01	-4.583763e-01	-3.964380e-01
-5.072653e-01	-7.781371e-01	-1.118693e+00	-1.386388e+00	-1.448210e+00	-1.251041e+00	-8.865478e-01	-6.024392e-01
-7.603628e-01	-1.719749e+00	-3.680968e+00	-6.508504e+00	-9.624376e+00	-1.198089e+01	-1.218612e+01	-8.741488e+00
-3.878979e-01	1.353915e+01	3.281843e+01	5.620098e+01	8.148803e+01	1.058116e+02	1.260988e+02	1.396104e+02
1.444527e+02	1.399373e+02	1.267164e+02	1.066559e+02	8.247707e+01	5.725054e+01	3.385785e+01	1.452153e+01
5.136480e-01	-7.921580e+00	-1.143765e+01	-1.129094e+01	-8.985904e+00	-5.924677e+00	-3.156325e+00	-1.260909e+00
-3.650870e-01	-2.611090e-01	-5.723750e-01	-9.229449e-01	-1.056079e+00	-8.830531e-01	-4.690289e-01	3.288090e-02
4.586302e-01	6.931571e-01	7.087658e-01	5.534122e-01	3.248306e-01	1.217296e-01	9.855700e-03	3.218177e-03
6.581916e-02	1.360386e-01	1.522886e-01	8.007559e-02	-7.549441e-02	-2.717623e-01	-4.445279e-01	-5.299476e-01
-4.917349e-01	-3.246734e-01	-5.953185e-02	2.493504e-01	5.393309e-01	7.551060e-01	8.662181e-01	8.644146e-01
7.646114e-01	5.968298e-01	3.935116e-01	1.844643e-01	-8.521092e-03	-1.716801e-01	-3.012663e-01	-3.949657e-01
-4.539849e-01	-4.814058e-01	-4.836170e-01	-4.688433e-01	-4.486130e-01	-4.355325e-01	-4.414569e-01	-4.724136e-01
-5.246034e-01	-5.867518e-01	-6.421929e-01	-6.661463e-01	-6.421713e-01	-5.599213e-01	-4.231908e-01	-2.442446e-01
-4.380553e-02	1.585877e-01	3.489328e-01	5.173001e-01	6.630369e-01	7.825734e-01	8.707801e-01	9.150044e-01
8.918052e-01	7.760987e-01	5.515318e-01	2.192562e-01	-1.923593e-01	-6.255424e-01	-1.001703e+00	-1.240159e+00
-1.281569e+00	-1.109725e+00	-7.604449e-01	-3.133860e-01	1.219953e-01	4.465785e-01	5.941734e-01	5.540858e-01
3.763717e-01	1.563864e-01	-1.801688e-04	-1.541059e-02	1.278132e-01	3.801374e-01	6.388082e-01	7.868752e-01
7.440796e-01	5.028437e-01	1.467693e-01	-1.844079e-01	-3.455178e-01	-2.645474e-01	-5.863340e-03	2.125531e-01
5.602031e-02	-8.167181e-01	-2.602550e+00	-5.191845e+00	-8.056231e+00	-1.023414e+01	-1.043093e+01	-7.250730e+00
4.733416e-01	1.335416e+01	3.117667e+01	5.277077e+01	7.608506e+01	9.845695e+01	1.170427e+02	1.293197e+02
1.335542e+02	1.291365e+02	1.166964e+02	9.798085e+01	7.552171e+01	5.216592e+01	3.057045e+01	1.278165e+01
-3.734858e-02	-7.678673e+00	-1.075803e+01	-1.045261e+01	-8.164423e+00	-5.208215e+00	-2.574961e+00	-8.193795e-01
-6.582747e-02	-1.207643e-01	-6.244726e-01	-1.204588e+00	-1.591824e+00	-1.670965e+00	-1.471748e+00	-1.120909e+00
-7.689623e-01	-5.315884e-01	-4.531511e-01	-5.083530e-01	-6.203049e-01	-7.019251e-01	-6.874252e-01	-5.538070e-01
-3.270175e-01	-6.669811e-02	1.614926e-01	3.016285e-01	3.318795e-01	2.624092e-01	1.314736e-01	-1.299010e-02
-1.294022e-01	-1.945393e-01	-2.059044e-01	-1.799185e-01	-1.421551e-01	-1.198706e-01	-1.351764e-01	-1.976885e-01
-3.032075e-01	-4.383956e-01	-5.870625e-01	-7.301337e-01	-8.514200e-01	-9.365996e-01	-9.730328e-01	-9.550528e-01
-8.769043e-01	-7.398227e-01	-5.467788e-01	-3.123968e-01	-5.453481e-02	2.017564e-01	4.310105e-01	6.097377e-01
7.234154e-01	7.654929e-01	7.405699e-01	6.605642e-01	5.429133e-01	4.024981e-01	2.558390e-01	1.145713e-01
-1.524785e-02	-1.279529e-01	-2.176346e-01	-2.778070e-01	-3.028936e-01	-2.852850e-01	-2.236505e-01	-1.257398e-01
-9.926369e-03	9.791509e-02	1.714250e-01	1.911801e-01	1.499414e-01	6.084612e-02	-5.060193e-02	-1.501800e-01
-2.079558e-01	-2.139736e-01	-1.766094e-01	-1.304754e-01	-1.163625e-01	-1.703996e-01	-3.022230e-01	-4.850683e-01
-6.570996e-01	-7.401112e-01	-6.686398e-01	-4.202463e-01	-3.053631e-02	4.059510e-01	7.608013e-01	9.112564e-01
7.929945e-01	4.324299e-01	-5.004976e-02	-4.756770e-01	-6.723477e-01	-5.603945e-01	-2.166774e-01	1.049492e-01
2.403694e-02	-8.478483e-01	-2.736216e+00	-5.532700e+00	-8.670004e+00	-1.110874e+01	-1.145116e+01	-8.196631e+00
-8.144449e-02	1.355718e+01	3.249702e+01	5.549298e+01	8.035895e+01	1.042518e+02	1.241326e+02	1.373057e+02
1.419204e+02	1.373220e+02	1.241797e+02	1.043540e+02	8.053898e+01	5.576196e+01	3.284720e+01	1.396155e+01
3.344836e-01	-7.814683e+00	-1.113818e+01	-1.087685e+01	-8.505496e+00	-5.400775e+00	-2.595715e+00	-6.666489e-01
2.550678e-01	3.664897e-01	3.259214e-02	-3.796038e-01	-6.147475e-01	-5.792951e-01	-3.218754e-01	1.732736e-02
2.874389e-01	3.832667e-01	2.814887e-01	3.423253e-02	-2.582870e-01	-4.869668e-01	-5.748394e-01	-4.994426e-01
-2.910512e-01	-2.016838e-02	2.323993e-01	4.004649e-01	4.462831e-01	3.699202e-01	2.018536e-01	-1.147158e-02
-2.234369e-01	-3.980055e-01	-5.186746e-01	-5.879657e-01	-6.166503e-01	-6.214311e-01	-6.167232e-01	-6.079299e-01
-5.944237e-01	-5.712878e-01	-5.347072e-01	-4.828211e-01	-4.166693e-01	-3.392004e-01	-2.569712e-01	-1.766047e-01
-1.069207e-01	-5.395532e-02	-2.280784e-02	-1.631691e-02	-3.066742e-02	-6.001636e-02	-9.494346e-02	-1.241022e-01
-1.382029e-01	-1.298570e-01	-9.983400e-02	-5.517048e-02	-1.040568e-02	1.574251e-02	3.492497e-03	-6.254561e-02
-1.877106e-01	-3.663606e-01	-5.790844e-01	-7.968374e-01	-9.822325e-01	-1.105510e+00	-1.147421e+00	-1.108111e+00
-1.003580e+00	-8.617370e-01	-7.110510e-01	-5.765006e-01	-4.697241e-01	-3.849576e-01	-3.042534e-01	-2.027492e-01
-6.243995e-02	1.236912e-01	3.405570e-01	5.581837e-01	7.352987e-01	8.381100e-01	8.528433e-01	7.920035e-01
6.978718e-01	6.259340e-01	6.249608e-01	7.106966e-01	8.514808e-01	9.720137e-01	9.789358e-01	7.939171e-01
3.944053e-01	-1.611387e-01	-7.384123e-01	-1.164312e+00	-1.289786e+00	-1.070463e+00	-6.207131e-01	-2.244366e-01
-2.784898e-01	-1.170892e+00	-3.111797e+00	-5.966768e+00	-9.144897e+00	-1.158173e+01	-1.186027e+01	-8.465799e+00
-1.287052e-01	1.381447e+01	3.312675e+01	5.654566e+01	8.185275e+01	1.061655e+02	1.264027e+02	1.398245e+02
1.445438e+02	1.398846e+02	1.265146e+02	1.063162e+02	8.202554e+01	5.672664e+01	3.330472e+01	1.398245e+01
2.574293e-02	-8.327650e+00	-1.173734e+01	-1.146772e+01	-9.026640e+00	-5.825649e+00	-2.927307e+00	-9.265535e-01
3.279581e-02	1.457880e-01	-2.219438e-01	-6.949090e-01	-1.005928e+00	-1.043110e+00	-8.377593e-01	-5.077097e-01
-1.873729e-01	3.033602e-02	1.202059e-01	1.235287e-01	1.133877e-01	1.539399e-01	2.774435e-01	4.648912e-01
6.583317e-01	7.839194e-01	7.821712e-01	6.284320e-01	3.437484e-01	-1.093799e-02	-3.535477e-01	-6.052295e-01
-7.161389e-01	-6.684764e-01	-4.883942e-01	-2.310114e-01	3.516395e-02	2.471216e-01	3.621676e-01	3.605196e-01
2.517465e-01	6.904856e-02	-1.427806e-01	-3.365039e-01	-4.740309e-01	-5.326003e-01	-5.058709e-01	-4.013370e-01
-2.410906e-01	-5.379165e-02	1.323952e-01	2.920724e-01	4.131085e-01	4.873396e-01	5.217132e-01	5.296900e-01
5.290897e-01	5.359571e-01	5.601588e-01	6.011329e-01	6.454405e-01	6.758963e-01	6.714339e-01	6.148426e-01
5.001656e-01	3.337401e-01	1.347021e-01	-6.215550e-02	-2.184787e-01	-3.018734e-01	-2.898651e-01	-1.877971e-01
-1.756738e-02	1.818046e-01	3.641974e-01	4.905055e-01	5.354023e-01	4.985826e-01	4.034266e-01	2.830478e-01
1.749816e-01	1.057866e-01	8.139104e-02	8.743003e-02	9.237449e-02	6.492267e-02	-1.308189e-02	-1.309933e-01
-2.532095e-01	-3.291231e-01	-3.108417e-01	-1.818912e-01	3.184344e-02	2.624544e-01	4.156822e-01	4.056190e-01
1.911597e-01	-1.944103e-01	-6.432752e-01	-9.993284e-01	-1.126236e+00	-9.737811e-01	-6.302946e-01	-3.398618e-01
-4.562586e-01	-1.328218e+00	-3.145521e+00	-5.783728e+00	-8.696445e+00	-1.089829e+01	-1.107858e+01	-7.832849e+00
1.513995e-02	1.308107e+01	3.114193e+01	5.301804e+01	7.663922e+01	9.931626e+01	1.181743e+02	1.306541e+02
1.349939e+02	1.305676e+02	1.180037e+02	9.906863e+01	7.632856e+01	5.267422e+01	3.081036e+01	1.281947e+01
-1.189278e-01	-7.797188e+00	-1.085013e+01	-1.048710e+01	-8.138799e+00	-5.141833e+00	-2.492748e+00	-7.343899e-01
3.159664e-02	2.423866e-02	-3.800863e-01	-8.057159e-01	-9.983594e-01	-8.691123e-01	-4.844415e-01	-4.747630e-03
3.973394e-01	5.998396e-01	5.661057e-01	3.458412e-01	4.807084e-02	-2.109876e-01	-3.398199e-01	-3.046929e-01
-1.277128e-01	1.272681e-01	3.768834e-01	5.516140e-01	6.086644e-01	5.449960e-01	3.851364e-01	1.709722e-01
-5.273637e-02	-2.470655e-01	-3.848223e-01	-4.537033e-01	-4.545740e-01	-3.950144e-01	-2.915124e-01	-1.607506e-01
-2.507232e-02	9.490230e-02	1.797183e-01	2.152038e-01	1.988446e-01	1.412453e-01	6.366083e-02	-3.000800e-03
-2.989772e-02	3.968489e-03	1.035449e-01	2.554266e-01	4.291556e-01	5.840343e-01	6.802469e-01	6.899330e-01
6.033432e-01	4.341565e-01	2.158688e-01	-8.453047e-03	-1.982184e-01	-3.271686e-01	-3.888567e-01	-3.948752e-01
-3.685913e-01	-3.369845e-01	-3.239208e-01	-3.377072e-01	-3.728179e-01	-4.145318e-01	-4.444699e-01	-4.528677e-01
-4.395728e-01	-4.150969e-01	-3.971989e-01	-4.024682e-01	-4.388828e-01	-4.957960e-01	-5.485978e-01	-5.618878e-01
-5.024059e-01	-3.552226e-01	-1.305835e-01	1.334671e-01	3.826839e-01	5.604634e-01	6.258046e-01	5.720588e-01
4.287740e-01	2.521643e-01	1.017751e-01	1.939392e-02	4.582428e-03	1.597763e-02	-1.958511e-02	-1.736291e-01
-4.766972e-01	-8.945571e-01	-1.325373e+00	-1.627097e+00	-1.672321e+00	-1.422365e+00	-9.725306e-01	-5.704691e-01
-5.686867e-01	-1.318049e+00	-3.013445e+00	-5.538112e+00	-8.355820e+00	-1.049628e+01	-1.066293e+01	-7.459101e+00
2.898770e-01	1.320678e+01	3.108956e+01	5.278489e+01	7.625146e+01	9.882855e+01	1.176611e+02	1.302055e+02
1.347017e+02	1.305121e+02	1.182409e+02	9.961677e+01	7.716149e+01	5.372072e+01	3.196098e+01	1.393922e+01
8.320929e-01	-7.133934e+00	-1.055580e+01	-1.058645e+01	-8.599753e+00	-5.876439e+00	-3.373486e+00	-1.619251e+00
-7.316188e-01	-5.281327e-01	-6.808795e-01	-8.667422e-01	-8.721333e-01	-6.357592e-01	-2.295043e-01	2.060884e-01
5.285950e-01	6.504073e-01	5.636130e-01	3.284817e-01	4.791254e-02	-1.775804e-01	-2.820642e-01	-2.532516e-01
-1.289462e-01	2.501570e-02	1.399714e-01	1.692518e-01	9.928575e-02	-4.761038e-02	-2.287916e-01	-3.979934e-01
-5.161312e-01	-5.687264e-01	-5.628635e-01	-5.207933e-01	-4.692570e-01	-4.303723e-01	-4.138827e-01	-4.148269e-01
-4.166432e-01	-3.989337e-01	-3.421650e-01	-2.360653e-01	-8.398404e-02	1.002375e-01	2.907889e-01	4.590401e-01
5.775895e-01	6.251763e-01	5.911810e-01	4.762482e-01	2.946852e-01	6.884175e-02	-1.667549e-01	-3.774299e-01
-5.310952e-01	-6.075256e-01	-5.979108e-01	-5.084938e-01	-3.590779e-01	-1.814716e-01	-1.033399e-02	1.257814e-01
2.077143e-01	2.314765e-01	2.058048e-01	1.517509e-01	9.594545e-02	5.794493e-02	4.877321e-02	6.684300e-02
9.534400e-02	1.127271e-01	9.600725e-02	2.943063e-02	-8.882480e-02	-2.392224e-01	-3.870890e-01	-4.938504e-01
-5.274462e-01	-4.757281e-01	-3.498719e-01	-1.853128e-01	-3.266096e-02	6.411585e-02	8.130016e-02	2.902424e-02
-5.050759e-02	-9.443485e-02	-4.234961e-02	1.382557e-01	4.303440e-01	7.657337e-01	1.043568e+00	1.165822e+00
1.075602e+00	7.884878e-01	3.983230e-01	4.769377e-02	-1.251713e-01	-5.692437e-02	1.812683e-01	3.661461e-01
1.632851e-01	-7.663697e-01	-2.612898e+00	-5.261531e+00	-8.180224e+00	-1.040029e+01	-1.062447e+01	-7.459514e+00
2.734965e-01	1.319458e+01	3.109555e+01	5.281344e+01	7.629545e+01	9.886637e+01	1.176617e+02	1.301348e+02
1.345315e+02	1.302194e+02	1.178211e+02	9.908355e+01	7.654710e+01	5.307281e+01	3.133234e+01	1.338403e+01
3.985117e-01	-7.406533e+00	-1.064241e+01	-1.047805e+01	-8.308540e+00	-5.439742e+00	-2.849357e+00	-1.083842e+00
-2.677534e-01	-2.120446e-01	-5.685133e-01	-9.798710e-01	-1.189431e+00	-1.092799e+00	-7.299260e-01	-2.286924e-01
2.575368e-01	6.081402e-01	7.680774e-01	7.481415e-01	6.069580e-01	4.166751e-01	2.379322e-01	1.025845e-01
1.104282e-02	-5.357175e-02	-1.142173e-01	-1.813948e-01	-2.522948e-01	-3.088035e-01	-3.310645e-01	-3.060598e-01
-2.371631e-01	-1.423743e-01	-4.883418e-02	1.518790e-02	3.072212e-02	-1.979634e-03	-6.790733e-02	-1.375814e-01
-1.769615e-01	-1.613660e-01	-8.049936e-02	5.676453e-02	2.231728e-01	3.815110e-01	4.944310e-01	5.342895e-01
4.899964e-01	3.676930e-01	1.892220e-01	-1.194944e-02	-2.001971e-01	-3.409902e-01	-4.112697e-01	-3.999350e-01
-3.107878e-01	-1.579660e-01	3.784802e-02	2.495827e-01	4.500600e-01	6.139453e-01	7.208336e-01	7.587803e-01
7.253676e-01	6.303584e-01	4.949844e-01	3.501383e-01	2.296027e-01	1.609604e-01	1.591237e-01	2.216916e-01
3.263586e-01	4.348843e-01	5.079570e-01	5.139854e-01	4.441220e-01	3.175598e-01	1.784422e-01	8.318839e-02
8.507927e-02	2.123854e-01	4.552644e-01	7.698641e-01	1.077075e+00	1.293987e+00	1.356370e+00	1.238190e+00
9.636933e-01	5.999442e-01	2.331897e-01	-6.128899e-02	-2.426069e-01	-3.229756e-01	-3.537181e-01	-4.009591e-01
-5.093939e-01	-6.720168e-01	-8.216379e-01	-8.545143e-01	-6.816848e-01	-2.907355e-01	1.972254e-01	5.239747e-01
3.372319e-01	-6.973850e-01	-2.743428e+00	-5.639893e+00	-8.795008e+00	-1.117890e+01	-1.144508e+01	-8.164681e+00
-1.593447e-01	1.316375e+01	3.154562e+01	5.375596e+01	7.767269e+01	1.005667e+02	1.195351e+02	1.320219e+02
1.362842e+02	1.317246e+02	1.190039e+02	9.991022e+01	7.701918e+01	5.321572e+01	3.118738e+01	1.300266e+01
-1.614261e-01	-8.084712e+00	-1.137653e+01	-1.120646e+01	-8.973167e+00	-5.988162e+00	-3.245501e+00	-1.310931e+00
-3.333599e-01	-1.483524e-01	-4.258751e-01	-8.210294e-01	-1.083631e+00	-1.107852e+00	-9.196730e-01	-6.263228e-01
-3.524446e-01	-1.845542e-01	-1.427073e-01	-1.860155e-01	-2.352459e-01	-2.114682e-01	-6.946183e-02	1.909241e-01
5.226229e-01	8.529704e-01	1.107764e+00	1.239144e+00	1.231294e+00	1.107369e+00	9.147213e-01	7.055795e-01
5.250358e-01	3.947678e-01	3.128456e-01	2.631195e-01	2.194882e-01	1.642302e-01	8.724652e-02	-1.009058e-02
-1.160871e-01	-2.109735e-01	-2.775694e-01	-3.067850e-01	-2.980401e-01	-2.600862e-01	-2.042362e-01	-1.451503e-01
-9.185827e-02	-5.085632e-02	-2.471450e-02	-1.247812e-02	-1.407638e-02	-2.840158e-02	-5.698491e-02	-9.631008e-02
-1.407680e-01	-1.784135e-01	-1.933193e-01	-1.721519e-01	-1.078199e-01	3.375260e-04	1.394165e-01	2.896655e-01
4.222816e-01	5.109918e-01	5.410827e-01	5.131440e-01	4.406968e-01	3.482119e-01	2.569266e-01	1.833098e-01
1.260479e-01	7.324717e-02	3.556351e-03	-1.045203e-01	-2.584765e-01	-4.463900e-01	-6.346778e-01	-7.776477e-01
-8.298387e-01	-7.639436e-01	-5.834533e-01	-3.268082e-01	-5.789944e-02	1.544436e-01	2.558421e-01	2.283946e-01
9.577482e-02	-8.472727e-02	-2.428414e-01	-3.250134e-01	-3.171481e-01	-2.562102e-01	-2.135333e-01	-2.687118e-01
-4.693440e-01	-8.016588e-01	-1.183475e+00	-1.488367e+00	-1.593471e+00	-1.449749e+00	-1.136132e+00	-8.728167e-01
-9.834604e-01	-1.792884e+00	-3.483167e+00	-5.938973e+00	-8.647606e+00	-1.067146e+01	-1.075574e+01	-7.547386e+00
1.002772e-01	1.280018e+01	3.036335e+01	5.167402e+01	7.474491e+01	9.697609e+01	1.155671e+02	1.280080e+02
1.325441e+02	1.285184e+02	1.164972e+02	9.816201e+01	7.599214e+01	5.280507e+01	3.125790e+01	1.341435e+01
4.728879e-01	-7.314773e+00	-1.052913e+01	-1.032399e+01	-8.091039e+00	-5.143629e+00	-2.476911e+00	-6.539896e-01
1.852185e-01	2.231642e-01	-1.929401e-01	-7.041212e-01	-1.052883e+00	-1.129951e+00	-9.659634e-01	-6.787700e-01
-4.011671e-01	-2.250991e-01	-1.736265e-01	-2.066036e-01	-2.500014e-01	-2.314291e-01	-1.147878e-01	8.655429e-02
3.195760e-01	5.106604e-01	5.959108e-01	5.447480e-01	3.687276e-01	1.193170e-01	-1.305583e-01	-3.133992e-01
-3.814764e-01	-3.217535e-01	-1.572661e-01	6.351984e-02	2.876232e-01	4.695244e-01	5.830478e-01	6.262857e-01
6.157707e-01	5.760319e-01	5.287760e-01	4.860825e-01	4.486458e-01	4.038164e-01	3.414499e-01	2.520300e-01
1.375046e-01	9.375676e-03	-1.139803e-01	-2.117967e-01	-2.661814e-01	-2.710944e-01	-2.288254e-01	-1.518022e-01
-5.412258e-02	4.685498e-02	1.360681e-01	2.054017e-01	2.459641e-01	2.548462e-01	2.291108e-01	1.640868e-01
5.956051e-02	-7.974356e-02	-2.421116e-01	-4.087099e-01	-5.554747e-01	-6.602894e-01	-7.083825e-01	-6.996592e-01
-6.500752e-01	-5.859475e-01	-5.356385e-01	-5.214427e-01	-5.479778e-01	-5.977101e-01	-6.323545e-01	-6.111293e-01
-5.020132e-01	-2.940513e-01	-1.474906e-02	2.782198e-01	5.107468e-01	6.158471e-01	5.579201e-01	3.496285e-01
4.759005e-02	-2.546789e-01	-4.650838e-01	-5.231619e-01	-4.232251e-01	-2.253561e-01	-3.342713e-02	4.114370e-02
-6.884208e-02	-3.543378e-01	-7.228660e-01	-1.025677e+00	-1.116873e+00	-9.275200e-01	-5.311027e-01	-1.628561e-01
-1.764025e-01	-9.359987e-01	-2.655508e+00	-5.235150e+00	-8.145682e+00	-1.041090e+01	-1.071025e+01	-7.617557e+00
