EyeNoFilt_Layer1	EyeNoFilt_Layer2	EyeNoFilt_Layer3	EyeNoFilt_Layer4	EyeNoFilt_Layer5	EyeNoFilt_Layer6	EyeNoFilt_Layer7	EyeNoFilt_Layer8
1.441837e+02	6.221776e-03	1.420349e-02	-1.593494e-01	1.060647e-01	7.239468e-02	-2.826687e-01	-2.245720e-01
-6.013971e-01	2.402003e-01	2.395889e-01	6.603751e-02	1.883303e-01	-3.538520e-01	-4.218216e-02	-6.200160e-01
1.663091e-01	-6.222067e-03	8.100587e-01	-7.340827e-01	-5.673216e-01	-5.549659e-01	3.017755e-01	-6.419804e-01
-2.990804e-01	1.493205e-01	-8.390229e-02	8.760941e-01	2.423735e-01	1.069678e-01	-9.290271e-02	-5.174735e-01
2.219885e-01	2.880867e-01	-1.711136e-01	6.830907e-01	-4.031234e-01	-7.593638e-01	5.854264e-02	-1.805486e-02
-4.369368e-01	-5.297052e-01	3.893601e-01	3.371786e-01	-4.638768e-02	4.167208e-01	-5.517439e-01	6.329500e-02
6.691476e-01	2.323902e-01	9.746961e-02	-3.257027e-01	-2.676179e-02	-9.130444e-02	-1.165704e-01	7.334657e-01
5.148342e-01	3.497320e-01	-1.163133e-02	-2.792452e-01	-1.414593e-01	-5.106482e-01	-8.117432e-02	6.911339e-02
1.228449e+00	-5.648911e-01	-3.588069e-01	-8.935459e-02	6.993922e-01	2.446192e-01	3.309563e-01	2.531294e-01
-5.769129e-01	3.807540e-01	3.752604e-01	-7.424961e-01	-2.613376e-01	7.101012e-03	1.835073e-01	-4.274255e-01
3.134382e-01	2.924893e-01	4.363320e-01	1.849933e-01	-4.201458e-01	6.593450e-01	6.863814e-02	5.273335e-01
6.233757e-01	2.730446e-01	1.387525e-01	2.657615e-02	3.239431e-01	1.544456e-01	-2.904244e-01	1.656947e-01
-7.412313e-01	1.286709e-01	1.843377e-01	6.520661e-01	-8.081704e-01	9.398227e-01	1.845632e-01	-1.295843e-01
2.300875e-02	1.864648e-01	-1.679464e-01	-4.204073e-01	-1.083980e-01	2.339171e-01	4.020932e-01	9.388152e-02
1.716322e-01	2.487711e-01	-3.602019e-01	-1.040340e-01	7.047746e-02	-8.067628e-02	-4.920410e-01	5.379703e-02
5.249868e-01	5.947334e-01	2.569941e-01	-5.760503e-01	2.404084e-01	-1.265922e-01	2.059113e-01	1.706558e-02
1.379977e+02	-4.164200e-01	3.328731e-01	-3.737499e-01	5.846105e-01	6.049913e-01	5.481031e-01	1.445849e-01
1.886918e-01	4.381242e-01	-9.559896e-01	-4.508629e-01	2.264673e-01	6.532269e-02	3.731859e-01	-3.989870e-01
1.168095e-02	9.798854e-02	-2.972538e-01	3.310554e-01	-5.002582e-01	-2.201143e-01	-2.596608e-01	4.836259e-01
3.107300e-01	7.031522e-01	-1.366079e-02	1.409122e-01	3.753835e-01	6.942225e-02	-6.564500e-01	-6.487165e-02
3.425127e-01	1.871248e-01	-9.257042e-02	-3.043883e-02	-4.153736e-01	-7.484018e-01	6.685389e-01	4.359538e-02
-3.465583e-02	1.957200e-01	-3.134226e-01	-3.743562e-01	-2.790716e-02	2.525264e-01	1.016597e-01	1.677608e-01
-3.218066e-01	8.781780e-02	7.181766e-01	-1.208145e-01	-5.247465e-02	-7.079724e-01	-5.168993e-01	-3.121672e-01
4.240962e-01	-6.455303e-01	2.822380e-01	3.667876e-01	-4.456967e-01	-5.825700e-01	-1.846407e-02	-2.808803e-01
1.589507e-01	6.274063e-01	-3.044736e-01	-5.104187e-01	-5.480356e-02	8.131513e-01	-8.535607e-02	4.032463e-01
2.034284e-01	3.528546e-01	6.895467e-01	-5.673937e-01	-3.072041e-01	-6.143475e-01	3.891354e-02	1.167747e+00
2.732758e-01	3.006962e-01	-6.654286e-01	-6.093890e-01	2.044463e-01	9.816040e-02	-9.185389e-01	1.566153e-01
-5.164496e-01	6.993078e-01	-1.356220e-01	-4.251352e-02	1.390747e-01	-2.907013e-01	1.971482e-01	-2.138971e-01
-5.205156e-01	-4.458450e-01	2.740073e-01	4.955004e-01	-8.720460e-01	3.655885e-02	-2.729473e-01	1.267529e-01
-4.471674e-01	2.065294e-01	-1.519759e+00	1.391767e-01	2.954187e-01	6.536675e-01	2.153313e-01	4.249572e-01
-8.024705e-02	-1.751763e-01	5.784182e-01	1.448254e-01	-8.859495e-02	5.066981e-01	-5.660939e-01	1.867340e-01
5.085895e-01	1.388772e-01	-7.985352e-02	6.916611e-02	-7.684759e-01	-4.844541e-01	-3.259599e-01	3.065458e-01
1.423759e+02	1.029031e-01	1.396597e-01	-3.719965e-01	-2.252798e-01	-1.780152e-01	-1.491137e-01	-1.063031e-01
-5.015751e-01	-9.479369e-01	4.201546e-01	2.303257e-01	-3.459275e-01	1.085573e-01	-1.078824e+00	2.461035e-01
2.996340e-01	-2.298040e-01	-4.124823e-01	-2.531096e-01	5.671768e-02	-3.113151e-01	-2.245762e-01	1.061092e-01
-2.138206e-01	5.477429e-02	-2.443018e-02	-1.265031e-01	4.878218e-02	9.850614e-02	-4.177066e-01	-6.922741e-01
8.307588e-01	-2.688705e-01	-3.334851e-01	-3.952246e-01	-6.633459e-01	4.266897e-01	1.025313e+00	-3.006750e-01
3.352936e-01	-8.461137e-01	1.137539e-02	-1.796530e-01	-3.122051e-01	6.680737e-01	9.213050e-01	6.407518e-01
1.096288e-01	-4.230846e-01	-1.074220e+00	3.499606e-01	1.946936e-01	-5.817348e-01	-1.727630e-01	6.685922e-02
6.782235e-01	-2.588053e-01	2.746905e-01	4.617254e-01	-7.463279e-01	-1.237691e-01	2.779278e-02	2.088801e-01
-2.655085e-01	-1.942563e-01	3.019246e-01	1.402700e-01	-2.579901e-01	-3.135095e-01	1.135070e-01	-3.115382e-01
4.226890e-01	-4.554964e-01	-5.783372e-01	-5.533903e-01	-3.705265e-01	-5.553670e-01	-2.779651e-01	7.757155e-02
-1.701494e-01	-4.679207e-01	3.266739e-01	5.297963e-01	-5.507179e-01	-1.668561e-01	-6.166617e-03	1.858953e-02
3.778570e-02	6.777812e-01	1.903019e-02	-4.941479e-01	-5.065072e-01	2.487042e-01	-3.954588e-01	9.409719e-02
-2.835500e-01	5.876162e-02	-2.078233e-01	-3.769705e-01	-6.646295e-01	-5.731154e-01	-3.902367e-01	8.986779e-01
-1.768182e-01	-2.338545e-01	-1.833116e-03	-6.577394e-01	-7.124529e-03	-3.263051e-01	9.373161e-01	4.521497e-02
3.095500e-01	-1.308341e-01	-2.628745e-01	-2.787024e-01	4.400774e-01	-1.520879e-01	-4.139573e-01	5.395402e-01
6.144402e-02	-2.912748e-01	4.388669e-01	-4.543608e-01	-5.397935e-01	-1.835254e-02	-3.103232e-01	1.694759e-01
1.457857e+02	-2.159260e-02	-9.484692e-02	9.970595e-01	-4.900194e-01	-3.041844e-01	-3.148935e-01	-3.223688e-01
2.320263e-01	3.237198e-01	5.884366e-01	-4.514580e-02	1.015812e-01	-1.558401e-01	2.396035e-02	3.139794e-01
-2.414668e-01	1.870205e-01	1.859327e-01	1.528173e-01	-6.480669e-01	-6.987031e-01	3.696720e-01	-9.514870e-01
1.727727e-01	-8.797005e-01	-1.126318e-02	-9.445871e-02	-4.794697e-01	-2.625036e-01	3.509561e-01	-8.876292e-01
-3.701765e-01	2.208050e-01	-2.205784e-01	-4.275168e-01	1.971840e-01	6.268161e-01	-2.449158e-01	4.839816e-01
-3.569460e-01	1.142070e+00	-1.314484e-01	3.076030e-01	6.665832e-02	3.282992e-01	9.349753e-01	-1.639605e-01
1.853714e-02	6.546311e-01	-3.307481e-02	-1.767321e-01	-2.219590e-02	5.898240e-01	-9.041632e-02	-9.280977e-01
7.610320e-02	2.832043e-01	-3.631541e-01	4.724477e-03	4.572426e-01	2.771320e-01	3.554767e-01	-5.247785e-01
3.498093e-01	9.044696e-02	1.173445e-01	-3.450313e-01	-1.054756e+00	1.740608e-01	2.144544e-01	2.167847e-01
3.577020e-01	6.980510e-01	5.016032e-01	-4.637261e-01	2.771581e-01	-6.263865e-02	1.612672e-01	1.644327e-01
-4.377100e-02	6.521986e-01	9.246272e-01	-2.731517e-01	-8.547737e-02	5.952521e-01	8.149613e-02	1.294048e-02
4.898463e-01	3.740487e-01	-6.204884e-01	1.395087e-01	6.187310e-01	2.275976e-01	-1.534169e-01	1.639087e-01
1.753306e-01	-3.962674e-01	-4.951926e-01	-5.534004e-02	4.514839e-01	-3.840517e-02	6.259328e-01	3.357191e-01
-6.282399e-02	1.007145e+00	3.425664e-01	-3.956188e-01	3.519947e-01	-1.311271e-01	3.831453e-01	2.811822e-01
9.151894e-02	2.997284e-01	-3.444957e-01	-5.617029e-02	5.637406e-01	-5.783509e-01	-4.105271e-01	-5.826271e-01
1.918639e-01	-8.781363e-02	-4.175795e-01	-4.736879e-01	3.036437e-01	-1.228564e-01	2.391804e-01	-1.190602e-01
1.360032e+02	2.398339e-01	6.228820e-01	2.793866e-01	6.306124e-02	2.319036e-01	7.511044e-01	5.797989e-01
5.320657e-02	3.803068e-01	3.372469e-01	-5.891814e-01	2.808017e-01	2.079743e-01	-7.045682e-02	1.951875e-01
2.417920e-01	4.392190e-01	-1.145482e-01	6.932574e-03	7.500068e-01	3.613694e-01	-9.261026e-02	-9.538942e-01
-1.209707e+00	6.411063e-01	-3.987860e-01	-3.102488e-01	-6.012452e-02	-3.098448e-01	1.069171e+00	-3.580255e-01
9.049974e-01	-1.777985e-01	3.714481e-01	3.625456e-01	1.761002e-02	2.492632e-01	8.040834e-01	4.653927e-01
-5.372222e-01	5.730892e-02	1.056045e-01	-3.937766e-01	8.489601e-01	-6.221054e-01	6.068343e-02	3.964821e-01
2.852725e-01	7.427862e-01	-3.296152e-01	-4.170210e-02	-7.807022e-01	1.938617e-01	1.734464e-01	-5.582805e-01
-1.944240e-01	3.114146e-01	-1.358796e-01	-1.910266e-01	5.669990e-01	-3.525430e-02	3.415803e-01	-5.189273e-02
-3.850101e-01	7.289953e-02	7.732285e-01	2.467024e-01	-2.214971e-01	6.242866e-01	-6.622284e-01	-1.380136e-01
3.646139e-03	-2.168498e-01	8.872182e-01	1.143284e-03	2.836598e-01	-7.217694e-02	-4.786556e-02	-3.678358e-01
7.335445e-01	4.501463e-01	2.625115e-01	-3.694439e-01	1.771351e-02	-2.368664e-01	-1.242997e-01	-1.433890e-01
-1.123112e-01	2.211885e-01	-5.280511e-01	1.028672e-01	-4.992473e-01	-5.654243e-01	-1.367902e-01	1.199606e-02
-5.660512e-01	2.896106e-02	-5.345277e-02	1.036508e+00	4.289978e-01	5.731208e-01	-2.187669e-01	2.170928e-01
-8.176163e-01	1.678084e-01	4.767723e-01	6.811076e-01	2.055676e-01	-5.338876e-01	3.701056e-01	5.229121e-02
8.837681e-01	8.368655e-01	-4.137986e-01	1.065032e-01	-5.110124e-01	-7.624496e-02	1.258297e-01	-4.655741e-01
-1.486643e-01	-1.102340e+00	-4.214207e-01	-4.509214e-01	-1.451199e-02	2.855855e-01	-1.968003e-01	-3.983557e-01
1.410025e+02	-2.311652e-01	-1.111707e+00	-1.353956e-01	-2.877293e-01	1.319483e-01	-5.017222e-01	-1.021622e-02
3.357422e-03	-5.017650e-01	-3.784829e-01	-6.958963e-01	-2.377269e-01	1.353261e-01	-2.360646e-02	-2.294513e-01
-5.033093e-01	-5.056590e-02	2.337999e-01	-4.792426e-01	-6.626263e-01	-2.586074e-01	-4.780602e-02	-1.931399e-01
-5.805119e-01	3.194362e-02	-1.768599e-01	1.490614e-01	1.843059e-01	-7.072609e-01	1.331651e-01	-5.700467e-01
-2.785342e-01	4.356800e-01	8.114820e-01	-8.691612e-02	5.961386e-01	1.267352e-02	4.524710e-01	3.459864e-01
3.964288e-02	-3.121238e-01	2.523231e-01	-2.655037e-01	-5.162672e-01	-1.805556e-01	-1.047969e-01	-5.533098e-01
-6.127506e-01	2.975690e-01	-2.853453e-01	-8.027781e-01	-4.160096e-01	-1.994309e-01	-3.266086e-01	9.994544e-02
-4.372257e-01	5.956345e-02	-5.417370e-01	2.409861e-01	-1.811501e-02	3.170822e-02	1.343392e-01	4.611827e-02
-2.524142e-01	2.797466e-01	-2.670228e-01	-3.382712e-01	-6.036369e-01	1.635791e-01	1.280959e-01	-3.235722e-01
-2.209658e-01	-4.192616e-02	5.941152e-01	-2.337315e-01	-2.030263e-01	-3.584199e-02	8.225447e-01	4.741698e-01
-4.991079e-01	-1.786598e-02	-1.216336e-01	3.739332e-01	-5.897289e-01	1.469221e-01	-1.842725e-01	-2.737733e-01
4.092413e-02	-1.187467e-01	-5.799405e-01	-8.153143e-01	-4.239177e-01	-8.631784e-02	-5.248227e-01	3.270595e-01
3.099935e-01	-4.055866e-01	-4.393074e-01	7.375920e-01	2.965516e-02	6.283013e-03	6.504098e-01	-1.351459e-01
9.708759e-01	-1.864558e-01	-4.457452e-02	3.164782e-01	-8.552581e-01	5.644244e-01	8.883350e-02	-5.252304e-02
-8.408904e-01	4.338866e-01	1.178833e-01	-7.499152e-02	5.858513e-01	-9.462593e-01	3.131928e-01	-7.741281e-01
-6.456031e-01	2.039985e-01	7.182995e-01	7.315536e-01	-2.595230e-02	8.711601e-01	8.943443e-02	-5.022497e-01
1.410074e+02	-8.684718e-03	4.996853e-01	-7.312784e-01	7.720570e-01	5.477408e-01	5.616996e-01	3.240392e-02
-5.978356e-02	-5.523671e-03	-5.841800e-01	3.421597e-01	4.909789e-01	2.999629e-01	-4.480191e-01	4.581601e-01
4.882118e-01	-4.099237e-01	4.588436e-01	-5.589554e-01	-1.012498e+00	2.689803e-01	-8.138615e-01	-6.113789e-02
-1.292142e-01	4.629088e-01	2.581732e-01	8.783371e-01	4.344968e-01	5.831992e-02	3.470518e-01	4.161635e-01
2.853722e-01	-2.857180e-01	4.233744e-01	4.398708e-01	5.685342e-01	4.660524e-01	-5.929234e-01	5.329939e-01
1.883692e-01	-1.973488e-02	-1.052138e+00	4.330910e-01	1.996971e-01	3.595836e-01	6.542782e-01	-2.287488e-02
1.282754e-01	-2.348267e-01	2.217307e-01	1.474042e-01	-1.129878e-01	4.380839e-01	3.812365e-01	-4.716847e-01
7.201721e-01	-1.962489e-01	-5.237440e-02	-1.160797e-01	-1.266790e-01	8.586656e-02	-8.388179e-02	7.353068e-01
-3.563861e-01	1.942048e-01	-8.313532e-02	3.605918e-01	1.599541e+00	7.676963e-01	1.432274e-01	5.673858e-01
1.825328e-01	2.024054e-01	-1.625008e-01	5.655052e-01	-4.565958e-01	-5.365628e-01	1.798054e-01	3.964321e-01
-8.199548e-01	2.226343e-01	2.279650e-01	-3.952369e-01	-3.866509e-01	-4.455473e-01	-2.176175e-01	2.074463e-01
-1.743469e-02	2.476326e-01	1.350477e-01	-1.278188e+00	-4.394234e-01	-8.537643e-02	-4.429408e-01	-6.486178e-01
2.578193e-01	-1.243633e-01	3.470694e-02	-7.194964e-02	3.738889e-01	4.159401e-02	-1.193896e-01	2.432141e-01
3.959845e-01	1.643628e-01	7.756804e-01	2.771167e-01	7.174748e-01	4.420865e-01	-6.316113e-02	-3.163538e-01
3.750805e-01	-3.752486e-01	3.097569e-02	8.899796e-01	-1.025138e+00	4.638669e-02	-1.090239e-01	-3.332126e-01
4.175368e-01	-6.927121e-03	3.334914e-01	3.197777e-01	4.615186e-02	-4.917884e-01	7.031099e-02	-4.387663e-01
1.426796e+02	2.499907e-02	-4.643314e-01	-4.128971e-02	5.761634e-01	3.059357e-02	5.896919e-01	-2.349804e-02
6.193070e-01	-4.106480e-01	1.105031e-01	-1.768115e-01	7.735573e-02	-3.773620e-01	4.833033e-03	-1.826363e-01
7.389787e-01	4.141111e-01	-6.941134e-01	-2.987568e-01	-7.775557e-02	-5.568046e-02	-6.479163e-01	8.665293e-02
3.865177e-02	1.565055e-01	-4.230685e-01	-7.883682e-01	2.174498e-01	-2.863761e-01	-7.599011e-01	-4.474770e-01
-1.045895e+00	-8.000553e-01	-4.791031e-01	-2.077974e-01	-2.743455e-01	9.798926e-01	7.343148e-02	3.252867e-02
-7.812966e-01	7.277134e-01	7.712160e-02	-5.677356e-01	-1.930452e-01	5.117890e-01	-6.489246e-01	-3.660065e-02
-8.801076e-01	4.942725e-01	-1.073516e+00	6.509450e-01	1.501118e-01	-8.776832e-01	-7.532414e-02	-3.676854e-02
2.013435e-01	4.783593e-01	8.709531e-01	-1.532565e-01	4.692153e-02	7.575290e-01	-3.094749e-01	-4.374764e-01
1.078213e-01	-1.578788e-01	2.356324e-01	6.753689e-02	5.497473e-01	-7.234303e-02	4.363968e-01	-2.483510e-02
-6.736202e-01	3.946869e-01	7.271006e-01	1.624057e-01	-6.077151e-02	3.228851e-01	-2.356616e-01	1.949150e-01
1.367452e+00	3.381809e-01	-2.164494e-01	5.562125e-01	-8.572095e-02	7.626757e-01	4.829051e-01	5.751398e-01
-4.257750e-01	-4.755707e-01	2.275162e-01	8.273921e-01	-6.502219e-01	-3.006784e-01	5.837314e-01	9.574001e-01
-1.148523e-01	2.340643e-01	4.749158e-01	-7.833636e-01	4.826098e-02	-7.363958e-01	1.586195e-01	-1.042041e+00
2.127748e-01	-8.294987e-01	1.755953e-01	-3.235127e-01	3.563697e-01	-1.097851e-02	-3.394011e-01	3.775314e-01
-5.730776e-01	7.571272e-01	-2.186379e-01	-9.789158e-01	-6.182886e-01	4.439704e-01	3.224989e-01	3.538497e-01
8.383276e-01	4.814389e-01	-1.087617e-01	-3.714288e-01	-2.255123e-01	8.621330e-01	1.549553e-01	4.562166e-01
1.297271e+02	-5.901776e-01	-3.401070e-02	-1.945899e-01	-5.256286e-01	1.787522e-01	6.007952e-01	8.115944e-02
8.180232e-01	2.043414e-01	-2.115531e-01	5.530975e-01	4.847926e-02	4.866254e-01	1.206527e-01	-4.362483e-01
-6.088431e-01	4.361497e-02	7.005406e-01	1.272668e-01	-2.254474e-02	-4.988937e-01	1.735730e-01	1.573990e-01
-1.819733e-02	4.463873e-01	2.103897e-01	1.206488e-01	-7.807146e-01	-8.812118e-02	-5.835940e-01	-2.686303e-01
-5.171331e-01	1.115347e+00	8.182921e-02	-1.064886e-01	-5.560469e-02	4.776512e-01	8.804472e-01	-4.885450e-01
3.953444e-02	-8.565839e-01	-3.969758e-01	-4.806853e-02	-7.284202e-02	9.271329e-01	2.207135e-01	-8.716800e-01
-1.764485e-01	-3.118574e-01	4.610066e-01	1.916270e-01	7.269420e-03	1.456822e-01	3.491510e-01	9.026264e-01
8.533695e-02	2.118061e-01	-9.280515e-01	9.898629e-01	-5.439948e-01	-1.368109e-01	1.206894e-01	-5.162197e-01
1.326345e-01	-8.678557e-01	4.603413e-02	4.683379e-01	3.524076e-01	4.737036e-01	-5.423156e-02	-1.272286e-01
5.978260e-01	1.835579e-01	-5.535756e-01	-3.855399e-01	-3.515177e-01	-8.366089e-01	-6.927158e-01	4.027945e-02
4.505328e-01	5.262664e-01	5.519232e-01	-2.415264e-01	-1.406540e-01	3.415580e-02	4.279149e-01	-2.447613e-01
1.965878e-01	-3.208161e-01	-6.830612e-01	-4.273981e-01	-9.613788e-02	1.035503e-02	-6.347769e-01	5.469341e-02
2.336588e-01	-4.697485e-01	-6.447433e-01	1.492766e-01	-1.413537e-01	3.348228e-01	-9.391663e-01	8.894006e-02
-1.189772e-01	4.287823e-01	-5.607793e-01	-3.174931e-01	7.592758e-01	3.682818e-01	6.255216e-01	8.754147e-02
-5.402503e-02	1.265537e+00	9.579137e-01	1.342858e-01	-2.417795e-02	-5.865959e-01	3.942422e-01	8.705577e-01
1.600188e-01	-1.039931e+00	1.661257e-01	-3.632498e-02	-5.360025e-01	-2.162549e-01	6.227502e-01	6.458312e-02
1.399390e+02	2.133911e-01	2.612938e-02	3.285724e-01	-8.899018e-02	-1.219523e-01	-2.901586e-01	-5.589519e-01
-9.823260e-01	-6.663810e-02	-5.358058e-01	2.299517e-02	2.913108e-01	-1.277921e+00	1.267869e-01	9.072594e-03
-2.611474e-01	5.328408e-01	3.482034e-01	-1.936418e-01	6.518511e-02	-2.657291e-01	1.041890e-01	8.345014e-01
-2.131785e-01	-6.004529e-01	-4.305809e-03	1.067699e-01	-3.430573e-01	-5.293673e-01	-3.171129e-01	-3.781659e-01
-1.434663e-01	-4.045330e-01	2.507923e-01	3.758647e-01	-1.897474e-01	-4.634870e-01	-5.368801e-01	8.545168e-01
-2.947847e-02	-1.079312e-01	-3.101317e-02	-2.402190e-01	-1.018284e+00	-8.249381e-02	-3.561280e-01	-5.644174e-02
-3.284107e-01	-4.375745e-01	4.011001e-01	-1.913209e-01	2.243589e-01	-6.330584e-02	5.713873e-01	-1.251832e-02
-9.281154e-02	-9.664133e-01	-6.657872e-02	-1.218087e-01	-7.581192e-01	4.250427e-01	2.861685e-01	-5.257113e-01
4.650105e-01	1.260753e-01	2.588010e-01	-4.318949e-01	5.584089e-01	4.424486e-01	3.422019e-01	2.185859e-01
-3.338640e-01	-1.177783e+00	7.693826e-01	-7.040607e-01	-2.180911e-01	3.183116e-01	6.485668e-01	-3.110460e-01
-1.054938e+00	-2.203222e-01	9.367495e-01	-3.250064e-01	-8.908464e-01	-3.611312e-01	-3.727998e-01	1.687080e-01
-4.579397e-01	1.037037e-01	-2.313108e-01	-6.353630e-02	4.702516e-01	-1.954506e-01	3.131303e-01	8.741781e-01
4.675653e-01	5.427075e-01	1.385733e-01	2.704367e-02	2.834612e-01	8.019146e-01	4.249181e-01	-2.378901e-01
2.698697e-01	-1.407649e-02	2.756428e-02	3.479601e-01	-1.778427e-01	-1.946548e-01	-1.763090e-01	6.059299e-03
-5.561330e-01	-8.482157e-01	-1.611004e-01	1.517221e-01	-2.786322e-01	-7.348149e-01	1.104257e-01	-1.383738e-01
-1.837208e-01	-2.784151e-01	-3.684017e-01	1.070591e-01	1.127790e-01	2.935504e-01	-6.292654e-01	-4.004044e-01
1.333690e+02	5.469500e-01	1.206945e-02	-1.442971e-01	-3.628100e-01	2.649768e-01	4.869013e-01	7.950711e-02
2.506850e-01	-1.684429e-01	4.599304e-01	3.623309e-01	9.807668e-02	1.039337e-01	5.944702e-01	5.668187e-01
-5.313412e-01	2.179559e-01	4.501793e-01	-2.513443e-01	1.620213e-01	-1.626215e-01	-6.061946e-01	-2.342946e-01
-1.918707e-01	-5.774258e-02	3.475279e-01	7.033613e-01	-6.606990e-03	-2.847016e-01	4.061557e-01	3.344364e-01
-6.377262e-01	-1.636444e-01	3.890680e-01	1.209590e-01	-4.091612e-01	-6.672547e-01	-1.567504e-01	-1.558919e-01
-4.537866e-01	8.113342e-01	-3.771076e-01	2.256401e-01	1.167760e-02	8.579155e-01	-1.019406e-01	-3.387903e-01
-5.513756e-02	-8.096039e-01	-5.868369e-01	2.602892e-02	-8.917330e-01	9.286383e-02	1.690544e-01	1.476196e-01
-3.397862e-01	-1.657218e-01	-9.933963e-02	7.175367e-01	1.428136e-01	2.446850e-01	-7.775545e-01	-6.540319e-01
4.173307e-01	-1.288228e-02	3.023479e-01	2.627284e-01	-5.423222e-01	1.384757e-01	-1.931510e-01	2.000838e-01
-2.703172e-01	-5.856020e-02	7.669312e-01	-1.378041e-01	-7.410516e-01	3.022840e-01	2.582044e-01	3.524546e-01
5.076167e-01	6.077590e-01	-2.612554e-02	1.584664e+00	-2.170708e-02	7.452696e-01	-1.380304e-01	-2.234526e-01
-3.348912e-01	7.225740e-01	2.002796e-01	-3.036114e-01	4.174282e-01	3.056827e-04	6.916734e-01	2.794377e-01
-2.054107e-01	-2.243948e-02	2.108970e-01	-4.862698e-01	-2.283534e-01	-7.073998e-01	-3.223178e-01	4.376896e-01
-4.251014e-01	-2.608132e-01	1.102905e-01	4.268454e-01	5.275276e-01	-8.577539e-02	-1.119973e-01	-3.012639e-02
7.297886e-01	-4.242238e-01	3.188234e-01	-5.734026e-02	-4.841327e-01	-5.298308e-01	1.451177e-01	9.922681e-02
3.535519e-01	-2.012286e-01	-1.034149e+00	1.035571e-01	-7.335357e-02	1.279732e-03	3.347965e-01	3.995297e-01
1.332548e+02	-3.530149e-01	-1.644412e-01	-7.355496e-01	4.043713e-01	-4.860446e-01	5.529985e-01	3.083239e-01
1.723060e-02	-2.067563e-02	4.684336e-02	3.573870e-01	9.060708e-01	5.283851e-01	-4.125655e-01	1.288796e-01
3.604097e-01	-1.579339e-01	5.632909e-02	-6.147216e-01	8.911668e-01	6.682187e-03	-5.691666e-01	2.786764e-01
-9.903336e-02	4.251338e-01	3.953291e-02	3.510933e-01	-1.268896e-01	3.732031e-01	4.715030e-01	1.292308e-02
4.499830e-01	-2.105109e-01	1.478937e-01	2.973968e-01	7.997546e-02	-1.520775e-01	2.363199e-01	-4.811949e-01
-3.810071e-02	1.399641e-02	-4.550002e-01	-6.474515e-01	-2.091335e-01	-5.782568e-01	7.295358e-01	-3.832349e-02
-8.650797e-01	-2.681133e-01	1.964612e-01	-3.934185e-01	-4.360585e-01	-2.726399e-01	-3.826451e-01	6.915365e-02
-5.900690e-01	3.861623e-01	-6.124215e-02	8.342135e-01	3.543238e-01	-3.670204e-01	-7.779300e-01	2.058839e-01
-5.680398e-01	-6.167579e-01	4.058268e-01	6.213702e-02	-5.648835e-01	-3.193905e-01	-9.697057e-02	-1.713731e-01
1.038596e+00	-2.590206e-01	7.532683e-01	-4.826168e-01	1.070290e+00	-7.352584e-03	-1.406995e-01	1.706999e-01
2.595058e-01	7.919732e-01	2.662377e-01	4.118709e-01	6.473067e-01	-1.260131e-01	2.005862e-01	-2.252834e-01
6.057382e-01	-8.263939e-02	1.236363e-02	3.701338e-01	-2.012341e-01	3.049905e-01	-3.911747e-01	-3.564891e-01
-6.301799e-01	8.753796e-01	8.175962e-03	-5.621636e-02	6.692038e-02	4.730930e-01	4.546393e-01	2.680855e-01
-3.272641e-01	2.190420e-01	1.735387e-01	2.366935e-02	-2.617969e-02	8.097874e-01	-5.310237e-01	-2.235147e-01
2.182457e-01	-3.236608e-02	1.078542e-01	2.344438e-01	2.508785e-01	1.134161e+00	-4.684572e-01	-6.850952e-02
-4.033007e-02	-1.844273e-01	-5.109355e-01	-6.071576e-01	-2.708533e-01	-7.715177e-01	3.654335e-01	2.886886e-01
1.312690e+02	-1.150289e-01	6.501010e-01	-2.215992e-01	7.039498e-01	-3.401091e-01	-1.599572e-01	3.571840e-02
2.153280e-01	2.054549e-01	7.316156e-02	4.114949e-01	5.831650e-02	-7.374990e-02	3.245499e-01	-4.405461e-02
5.420876e-01	3.694989e-01	6.947246e-01	1.325795e-01	1.063749e+00	7.852184e-01	-5.873736e-01	4.296155e-01
-6.389907e-01	-9.947670e-01	1.849142e-01	8.430378e-01	3.648682e-01	-1.473828e-02	-4.652944e-01	5.563042e-02
6.082021e-01	6.167034e-01	-5.835319e-01	2.022997e-01	-1.790731e-01	-3.480156e-01	2.562566e-01	4.093243e-01
5.454974e-01	-2.662986e-01	-2.869165e-01	-2.119574e-01	1.236648e+00	1.584013e-01	9.491994e-02	-1.643575e-02
-3.464543e-01	-4.157190e-01	-8.204473e-02	5.509443e-01	-1.588706e-01	1.389374e-02	-5.555628e-01	4.043629e-01
4.291926e-01	-6.127627e-02	-3.869574e-01	6.323920e-01	6.311909e-01	-3.369003e-01	-1.822045e-01	9.665125e-02
-4.432196e-02	2.617929e-01	6.369906e-02	-1.080087e-01	-1.110976e+00	-4.285872e-01	-8.442014e-01	-3.609480e-02
4.990428e-02	-2.761672e-01	-5.172718e-01	1.619197e-01	-4.258324e-01	-2.898729e-01	-1.075511e-01	1.947429e-01
2.287523e-01	-1.282747e-01	-2.020938e-01	-4.292608e-02	-7.755374e-02	6.489521e-01	-9.219490e-02	-2.588455e-02
1.604616e-01	-6.707750e-01	1.474422e-02	3.028963e-02	-2.377289e-01	5.620111e-01	-2.026027e-01	-1.432742e-01
-6.684491e-02	-4.264827e-01	6.291443e-01	2.442852e-01	-5.149434e-01	-4.535694e-01	-4.777609e-02	-2.932701e-02
6.417224e-02	-1.383750e-01	-2.777179e-01	3.815082e-01	2.055571e-01	2.129947e-02	9.789088e-01	-5.396103e-01
-5.783534e-01	-5.744153e-02	7.595591e-01	3.283392e-01	-5.650063e-01	5.045291e-01	8.158206e-02	-4.013568e-01
4.039766e-01	4.862214e-01	-1.789873e-03	4.918281e-01	-4.935905e-01	3.909362e-01	-6.931452e-01	-5.544137e-01
1.339404e+02	4.733817e-01	-6.396339e-01	-1.171970e-01	-2.635206e-01	4.376166e-01	-2.111481e-01	-4.365457e-01
-1.171003e-01	3.973765e-01	3.372222e-01	-7.952127e-02	4.133663e-01	-3.964298e-01	-4.249208e-01	-7.481730e-01
-2.306224e-01	-3.064982e-01	-1.982802e-01	-3.672247e-01	4.167118e-01	4.402175e-01	1.280139e-03	3.143375e-01
-7.507308e-02	1.255870e-02	-1.999018e-01	2.543564e-01	-3.282155e-01	5.421539e-02	1.650916e-01	-4.715911e-01
2.496521e-01	-5.868773e-01	9.885634e-02	1.366511e-01	-6.140486e-01	1.204304e-01	1.376787e-01	-2.081589e-01
8.634673e-02	6.778991e-01	1.758424e-01	-5.670807e-01	5.725280e-01	-8.517356e-02	-8.415574e-01	-9.722825e-02
1.066623e+00	-7.360957e-01	2.105448e-01	2.551170e-01	3.306863e-01	2.530273e-01	-2.767196e-01	-7.547747e-01
-5.795233e-01	1.060399e-01	1.100986e-01	2.053118e-01	-4.387013e-01	4.335761e-01	-2.340770e-01	1.995159e-01
-8.458101e-01	1.316186e-01	-4.885734e-01	-2.030026e-01	4.950309e-01	2.426995e-01	-4.177085e-02	2.763350e-01
7.480117e-02	1.943994e-01	3.116110e-01	-1.731680e-01	-3.987575e-01	-2.029351e-01	-5.507557e-01	-5.232505e-01
6.168874e-01	1.944696e-01	-3.022134e-01	-2.937392e-01	5.177933e-02	-3.634946e-01	-2.565804e-02	-9.083044e-02
8.276304e-01	5.665415e-01	6.720366e-01	5.592589e-01	-2.482653e-01	-5.088278e-01	-2.069062e-01	-3.847480e-01
3.763527e-01	-7.744040e-01	4.449386e-01	6.370237e-01	-5.749734e-01	2.747786e-01	-3.312176e-02	7.829443e-02
-3.079202e-01	3.604771e-01	-1.216351e-01	7.461592e-01	5.000049e-02	-6.868038e-01	-2.673386e-01	-2.670697e-02
-7.117272e-02	-1.529318e-01	5.099905e-03	-2.153333e-01	-6.624494e-02	3.338702e-01	1.444708e-01	-6.025034e-01
-1.955782e-01	-1.466291e-01	-7.612273e-01	-2.039883e-01	6.532594e-01	4.920274e-01	-1.008238e-01	3.600440e-01
1.373241e+02	-6.062147e-01	-1.826689e-01	-4.861161e-01	5.684545e-01	8.939593e-01	1.000010e+00	-1.027828e-01
-2.797325e-02	9.958283e-03	-3.065850e-01	-6.093247e-01	-1.079477e-01	-6.500919e-01	-3.720545e-01	6.753194e-01
-4.454767e-01	-1.842688e-01	1.477613e-01	-5.488546e-01	-2.515478e-01	2.728717e-01	-1.125653e-01	-4.156203e-01
2.237607e-01	6.671443e-01	-6.660865e-01	2.435349e-02	-2.419481e-01	-2.155515e-01	-7.063985e-01	-2.718818e-01
3.717161e-01	-4.106401e-02	2.613228e-01	7.835552e-01	-1.180653e-01	1.065051e-01	-9.676830e-01	-4.392794e-01
-2.007878e-01	2.138007e-01	-9.451020e-01	-3.761441e-01	9.123305e-02	-7.362695e-01	5.367826e-02	-3.109842e-01
1.060198e-02	-8.188736e-01	-1.403552e-01	-4.488742e-01	4.626879e-02	2.108796e-01	6.866857e-01	-1.185410e+00
-5.289551e-01	-4.314085e-01	4.400591e-01	-1.097615e+00	2.222360e-01	-3.488842e-01	-9.333209e-02	2.088422e-01
2.439123e-01	-1.197691e+00	-5.116132e-01	3.006424e-01	-7.619567e-01	-1.193833e-01	-1.736043e-01	8.381925e-02
1.741729e-01	-1.342936e-01	5.846851e-02	-2.938813e-01	-2.701012e-01	-2.730280e-01	-4.241043e-01	6.760748e-01
8.444582e-02	1.026864e+00	2.046427e-01	-1.770363e-01	8.810514e-02	1.898702e-01	1.248376e-01	4.194473e-01
4.261659e-02	2.774032e-01	5.812439e-01	2.467509e-01	4.864655e-01	6.042091e-01	-1.596924e-01	3.468838e-01
-5.399223e-01	8.471855e-03	3.427610e-01	-1.200833e-02	4.912471e-01	-1.809435e-01	2.469482e-01	-5.039967e-01
-1.516996e-01	-8.055462e-02	2.854957e-01	1.003833e+00	1.883929e-01	-5.370145e-01	1.371202e-01	-2.826179e-01
1.890318e-01	1.906970e-01	5.467906e-01	-5.238342e-02	-3.234505e-01	-6.485760e-01	-7.510734e-01	7.598292e-01
2.128929e-01	-1.392863e-01	5.577331e-01	2.139041e-01	-2.408556e-01	1.363233e-01	-3.244662e-01	6.212524e-01
1.355896e+02	1.398612e-01	2.758314e-01	6.673280e-02	-3.398902e-01	2.926245e-01	-4.460623e-01	-4.269525e-01
3.109313e-01	7.187218e-02	-3.063170e-01	-6.206179e-01	-5.624261e-01	-2.918842e-01	-9.255645e-01	1.956815e-01
-1.620425e-01	2.704745e-01	-5.440579e-02	-3.706585e-01	6.464840e-01	-2.163162e-01	-1.909864e-02	-6.481577e-01
1.069771e-01	7.242565e-01	-3.090862e-01	3.875497e-01	4.731789e-01	-5.913185e-01	2.440684e-01	-7.777929e-02
-3.628981e-02	-1.097630e-01	4.822151e-01	1.642839e-01	3.278011e-01	-4.702078e-01	2.696433e-01	-5.443968e-01
4.200604e-01	1.355847e-01	5.989701e-02	-9.145900e-01	8.822552e-02	1.440318e-01	-3.712679e-01	1.154710e-01
-1.751168e-02	-1.555585e-01	5.058372e-01	-3.352800e-01	-2.908411e-01	-2.370333e-01	-5.945315e-01	2.341594e-01
4.937665e-01	4.587782e-01	2.669127e-02	-2.480663e-01	3.357199e-01	4.182280e-01	2.272502e-01	8.854832e-01
-1.312344e-01	2.173668e-01	-6.267528e-02	6.048043e-01	3.935260e-01	-2.634157e-01	3.311609e-01	5.815972e-01
-4.273438e-01	1.923973e-01	-7.123794e-01	-2.919563e-01	4.120609e-01	-1.037340e-01	1.679378e-01	1.924698e-01
4.876031e-01	3.718603e-02	-5.831073e-01	-1.758544e-01	-1.693767e-01	-1.186008e+00	5.700280e-01	5.240727e-01
-1.154017e+00	-3.824383e-01	4.115520e-01	6.196242e-01	8.302435e-01	-4.070800e-01	-4.018169e-01	1.968229e-01
3.138827e-01	-1.129094e-01	2.114966e-01	-3.718825e-01	2.498005e-01	5.740300e-01	-2.405388e-01	4.802919e-01
2.476715e-02	-1.794947e-01	-8.361620e-01	-5.080750e-01	-2.600302e-01	5.089227e-01	5.978317e-01	-4.661763e-01
2.668537e-01	8.901752e-01	-2.356261e-01	4.055651e-01	-2.422697e-01	3.459666e-01	5.908332e-01	-2.890632e-01
4.165824e-02	-1.995363e-02	3.479654e-01	-3.057230e-01	-8.027431e-01	1.405216e-01	-2.888055e-01	3.586498e-01
1.424072e+02	-1.831381e-01	-2.593412e-01	3.754151e-01	4.897547e-01	-2.998764e-02	1.275791e-01	-2.489116e-04
-5.101955e-02	3.335180e-01	-3.571474e-01	1.915012e-01	5.085160e-01	-2.940789e-01	-6.596257e-01	3.511347e-01
9.491976e-02	5.081195e-01	3.304776e-02	7.780347e-01	9.945122e-02	1.263518e-01	2.561045e-01	9.156882e-01
-6.128038e-02	-5.100039e-01	-7.615169e-01	4.742594e-01	2.059512e-01	-7.906404e-01	-1.574575e-01	-1.769918e-01
8.953640e-02	1.314821e-01	1.149607e-01	7.137742e-02	-1.228750e+00	9.453454e-02	-4.758095e-01	7.288952e-02
3.843771e-01	-9.432973e-01	4.457720e-01	5.308504e-01	5.602221e-01	5.530939e-01	-5.287360e-02	-4.509520e-01
-2.678317e-01	-3.927748e-01	-4.097837e-01	1.116778e+00	3.197647e-01	7.485087e-01	5.883362e-01	-2.423630e-01
-1.550128e-01	1.561184e-01	4.414895e-01	-5.528508e-02	-3.125469e-01	5.995297e-02	1.419091e-01	7.153262e-01
-3.690925e-01	2.391161e-01	-5.546567e-01	-9.933360e-02	-3.834742e-02	-2.751476e-01	-8.211898e-03	-2.932309e-01
-9.754445e-02	2.021537e-01	2.490561e-01	5.315749e-01	-5.279466e-01	3.112271e-01	-1.350462e+00	-1.686217e-01
1.053795e+00	1.605376e-01	-3.079508e-02	-6.157279e-02	-1.304871e-01	4.342377e-01	5.169549e-01	-5.130422e-01
-4.631086e-01	-7.575177e-01	1.802797e-01	3.048793e-01	1.648707e-01	4.021077e-01	4.325340e-01	3.594270e-01
3.750143e-01	2.227569e-01	-5.547888e-01	5.285856e-01	1.573254e-03	4.900661e-02	-4.208160e-01	7.444435e-02
-2.682753e-01	-7.744288e-01	8.915387e-02	1.106261e-01	-1.236845e-01	-2.760575e-01	4.589788e-01	3.575008e-01
-2.093539e-01	-3.800035e-02	-1.292635e-01	2.562098e-01	-1.921293e-01	-1.524623e-01	-4.681261e-01	1.560883e-01
-1.599019e-01	-2.658829e-01	4.152020e-01	-2.915247e-01	-2.858844e-01	-3.598633e-01	-8.502800e-01	-6.265030e-02
1.236037e+02	-1.700721e-01	6.650092e-01	3.702601e-01	6.889422e-01	5.154613e-01	6.573600e-02	-8.921218e-02
2.808722e-01	-5.445874e-02	5.029174e-01	-1.639482e-01	3.841925e-01	1.147186e-01	2.882633e-02	-2.275280e-02
-2.440696e-01	-2.877167e-01	-1.942941e-02	-1.126079e-02	6.387011e-01	1.091580e+00	-1.998154e-01	-1.966977e-01
-4.965741e-01	1.788849e-01	2.914217e-01	6.501690e-01	-2.329274e-01	-4.309509e-01	7.283279e-01	-3.861259e-01
6.880850e-01	1.029690e-01	-1.099553e-01	-2.015696e-01	3.916694e-01	4.433711e-01	-4.833826e-01	-4.277367e-01
9.064951e-01	4.285065e-01	6.091951e-02	8.163073e-01	-2.319013e-01	5.345497e-01	5.158760e-01	2.550103e-01
8.781321e-02	-4.490472e-01	-2.952643e-01	5.878633e-01	3.136414e-02	-3.158107e-01	-4.303373e-02	-3.953328e-01
-1.799377e-01	-5.903845e-01	-6.749699e-01	7.699397e-01	-6.903097e-01	8.479902e-01	3.969845e-02	1.448876e-01
-1.073358e-01	3.430734e-01	-9.018895e-01	-4.614990e-01	3.928261e-01	-1.268069e-01	1.451033e-01	3.080976e-01
1.580349e-01	3.069047e-01	8.537457e-02	-9.102445e-01	-5.876992e-01	-3.272025e-01	2.579501e-01	-8.829013e-02
-5.275379e-01	-1.650007e-01	2.303876e-01	-1.375060e-01	5.489056e-01	-1.110634e+00	8.021105e-01	8.475227e-01
-1.918300e-01	-1.396497e-01	-8.297559e-03	-2.736985e-01	-3.271851e-01	-7.737727e-01	1.918291e-02	-2.220863e-01
8.969363e-01	5.708359e-01	1.220922e-01	-5.792780e-02	2.312077e-01	-4.524870e-01	2.624003e-01	6.147803e-02
-4.376401e-01	-4.085265e-02	2.802011e-01	3.170511e-01	-4.688687e-01	1.957928e-01	2.765708e-01	-3.141473e-01
1.419153e-01	-2.657353e-01	2.194988e-01	2.732798e-01	-4.081395e-01	-4.750369e-01	4.687369e-01	6.708306e-01
-1.751123e-01	2.958972e-03	6.886753e-01	-1.913179e-01	-8.012021e-02	-4.340347e-02	-3.835281e-01	1.377125e-01
1.366438e+02	-3.352010e-01	1.358963e-01	-6.702292e-01	-7.894727e-01	-7.716594e-02	4.744918e-01	5.483090e-01
-5.390603e-01	-3.695009e-01	7.604014e-01	4.289067e-01	-4.420159e-01	-2.333321e-01	4.668656e-01	-8.109279e-02
-6.060651e-01	1.476083e-01	5.686907e-01	2.752400e-01	-3.860070e-02	-5.063008e-02	9.188877e-02	-9.488463e-01
-6.017310e-01	8.216427e-02	5.482023e-03	2.348292e-01	5.553693e-01	-8.240170e-01	-1.204992e+00	-7.749433e-03
9.452662e-01	-2.319686e-01	-5.808011e-02	-2.200638e-01	-3.852451e-01	9.432653e-01	4.519033e-01	-5.424221e-01
-4.064437e-01	4.149393e-01	-5.234371e-01	-9.888045e-01	1.550613e-01	3.327661e-02	1.149492e+00	-4.255067e-01
5.666935e-01	-4.068423e-01	4.528191e-03	-5.498315e-01	3.234037e-01	-3.698043e-01	6.542626e-01	1.228548e-01
5.745147e-02	1.516130e-01	-8.190528e-01	1.830555e-01	1.436041e-01	2.758869e-01	-1.013698e+00	-1.949179e-01
-5.339390e-01	2.339399e-01	2.479797e-01	-2.991330e-01	-5.506776e-02	1.063526e-01	5.844212e-02	-4.161818e-01
8.443691e-01	-3.038636e-01	-5.484567e-01	1.897519e-01	9.242998e-01	2.349697e-02	5.860835e-02	4.629736e-01
4.404852e-01	-6.967571e-01	-4.046898e-02	-4.228877e-01	6.344270e-01	-1.014148e-01	9.310827e-01	5.116307e-01
-5.016307e-01	-6.283633e-01	-3.544265e-01	6.255987e-01	6.222291e-01	-1.243774e+00	1.473182e-01	1.933517e-01
6.037984e-01	-2.503155e-01	1.143932e-01	1.685881e-01	8.948159e-01	-2.568861e-01	9.394433e-02	4.264845e-01
2.518651e-01	9.997868e-01	-5.179590e-01	-2.972196e-01	-4.757107e-01	3.151653e-01	3.288309e-01	-2.921125e-01
7.734535e-01	1.268630e-01	3.763374e-02	-5.043693e-01	7.521014e-01	-4.582082e-01	7.206591e-02	-4.726040e-01
5.405057e-01	7.072184e-01	-1.905831e-01	-1.264311e-01	5.757292e-01	1.047764e-02	8.442345e-02	1.827323e-01
1.332355e+02	-2.130635e-01	-4.519195e-02	-1.523252e-01	6.717438e-01	1.238535e+00	7.674909e-01	-3.768494e-02
1.373538e-01	-2.253988e-01	-8.600220e-01	-2.260583e-01	-1.750870e-01	-4.188046e-01	3.543511e-01	-1.797202e-02
1.156248e-01	4.233439e-01	-7.577594e-01	-8.182646e-01	-2.863168e-01	1.342187e-01	2.766676e-01	-5.409823e-01
-2.634311e-01	1.369392e-01	7.902979e-01	-4.027491e-01	-6.980632e-01	1.025252e-01	2.791626e-01	-3.655785e-01
-4.177082e-01	-1.940251e-01	-2.858860e-01	-1.018210e+00	2.988922e-01	-3.660801e-01	6.520692e-01	-2.452777e-01
2.345839e-02	4.828728e-01	-2.156944e-01	4.361960e-01	5.746436e-01	1.608568e-01	-6.610012e-01	-4.930167e-01
3.649086e-02	1.516625e-01	1.198165e-01	2.889771e-01	-5.510261e-02	3.975600e-01	2.208193e-01	-2.571566e-01
4.817415e-02	-9.583625e-02	-4.525196e-01	-2.145107e-02	2.916704e-01	-3.461103e-01	6.184661e-01	1.752188e-01
1.101670e-01	4.186164e-01	3.575054e-01	1.910351e-01	-4.474696e-01	-2.291195e-02	-8.387538e-01	-2.129689e-01
-6.581773e-01	5.440014e-02	1.919210e-01	1.584479e-01	-1.522651e-01	-5.268994e-02	-4.840305e-01	-4.588105e-01
-4.546232e-01	-1.540502e-02	-7.015708e-01	-6.329849e-01	7.382471e-02	6.480165e-01	-5.001106e-01	3.057383e-01
6.317396e-02	-2.009725e-01	-1.452718e-01	1.092688e-01	-3.837398e-01	8.045813e-01	2.200565e-01	-3.277479e-01
-2.355715e-01	4.939674e-01	5.013240e-01	-8.350028e-01	-3.297033e-01	-3.785173e-01	6.251729e-01	3.677322e-01
-2.489566e-01	-9.087498e-04	1.451518e-01	4.793545e-01	4.197123e-02	1.210103e-02	-2.659775e-02	-2.335304e-02
5.827225e-01	4.313636e-01	3.500568e-01	1.925441e-01	-1.191668e+00	-1.504461e-02	-7.375067e-01	-2.905897e-01
-3.913212e-02	3.237676e-01	-3.087918e-02	-4.101505e-01	6.977776e-01	2.446047e-01	-5.308256e-01	-9.398182e-02
1.321819e+02	-9.573513e-02	8.624563e-01	1.204727e-01	-1.313738e+00	3.451256e-01	6.185941e-02	-1.595011e-01
-3.290066e-01	3.796747e-01	-3.934244e-01	-8.422798e-03	-4.104644e-01	1.178097e-01	-9.074391e-01	1.003269e-01
-8.627450e-01	2.285071e-01	-4.548942e-01	-6.727543e-01	1.873298e-01	-8.344782e-01	-3.313931e-01	-1.610496e-01
-1.176979e-01	8.791238e-01	-4.997998e-01	5.469450e-02	-3.245634e-01	-8.261750e-02	1.056440e-01	2.490984e-01
9.121803e-02	6.579085e-01	2.923757e-02	4.800190e-01	4.178736e-01	-2.021623e-01	3.468748e-01	-4.517033e-01
-1.610824e-01	3.626943e-01	-4.348881e-01	1.682080e-01	-4.682481e-02	2.186066e-02	2.317296e-01	4.070203e-01
-4.980221e-01	1.800021e-01	-1.512366e-01	1.719621e-01	4.948729e-04	1.835357e-02	4.621635e-02	3.941646e-01
6.451907e-01	-2.151389e-02	-5.408685e-01	3.729602e-01	-2.317409e-01	1.001250e-01	1.015689e+00	8.773626e-02
-7.070025e-01	3.382677e-01	2.799375e-01	7.548295e-01	1.499456e-01	1.145307e-01	3.485546e-01	-1.244300e-01
-5.024089e-01	-5.665739e-03	5.594585e-01	-2.420148e-01	-2.299084e-01	6.243559e-01	5.916146e-01	4.738660e-01
4.201748e-01	1.296758e-01	-4.069211e-01	3.049494e-01	-1.148035e+00	1.726587e-01	-2.912479e-01	-1.786054e-01
-3.581255e-01	-3.024658e-01	-1.557596e-01	1.909968e-01	-1.690441e-01	3.834675e-01	-4.720839e-01	-8.689200e-02
-8.451138e-01	7.026436e-01	4.534268e-01	7.953231e-02	-1.667675e-01	5.902450e-01	-9.775575e-01	5.619842e-01
2.922539e-01	-1.733799e-01	2.766897e-01	3.098853e-01	1.139230e+00	2.306169e-01	1.858214e-01	-5.374825e-01
4.076679e-01	-8.458147e-02	-1.001050e-01	-1.588753e-01	5.158002e-01	-6.402973e-02	-1.609802e-01	3.046049e-01
6.820900e-01	2.467210e-01	1.127528e-01	-1.949184e-01	-2.387533e-01	3.613434e-03	-2.047133e-01	1.565714e-01
1.371142e+02	1.260344e-01	-5.203692e-02	-5.799979e-01	-2.689339e-01	6.131449e-01	1.629112e-01	-1.005701e-01
5.939644e-01	-3.332759e-01	-4.600334e-01	-3.513817e-02	-3.546145e-01	-9.332248e-01	-1.102401e+00	7.111026e-01
-1.337554e+00	-7.704571e-01	-5.658763e-01	-1.054038e-01	-1.892660e-01	1.468163e-01	1.135786e-01	-6.724986e-01
-1.109506e-01	6.722485e-01	-2.913415e-01	6.715287e-01	5.089738e-01	2.656775e-01	-2.771982e-01	-2.713865e-01
8.304637e-01	6.711484e-01	5.551878e-01	-6.394083e-01	7.934419e-01	4.535571e-01	4.512160e-01	-1.502460e-01
-3.190214e-01	3.888014e-02	-1.228016e-01	-1.288845e-01	-4.749390e-02	-3.636433e-01	1.677170e-01	1.179225e-01
1.166446e-01	5.957236e-02	-3.557863e-02	1.799933e-01	-4.517481e-01	2.338138e-01	5.306835e-01	-2.304993e-01
2.810954e-01	7.670469e-01	1.218246e-01	1.598358e-01	1.730134e-01	6.251674e-01	-1.420051e-02	-5.044820e-01
1.149241e-01	-5.566569e-01	6.516751e-01	1.757283e-01	1.996894e-01	5.561428e-01	9.351682e-01	6.744966e-01
-7.372370e-02	-2.939985e-01	5.943504e-02	3.864666e-02	7.090420e-02	5.770559e-02	-2.155047e-02	3.010301e-01
8.765073e-02	5.257041e-01	6.616740e-01	-2.018834e-01	2.115308e-01	-1.329105e-01	-5.281530e-01	1.446795e-02
-4.142991e-01	2.573672e-01	-8.674652e-01	9.676142e-03	2.692080e-01	-1.364482e-01	1.007736e+00	-1.318460e-01
-1.084164e-01	-4.831287e-01	-1.936270e-02	5.506444e-02	-5.027054e-01	-1.968037e-01	2.041238e-01	4.499941e-01
-6.552263e-01	-1.374681e-01	-1.491901e-01	2.791241e-01	-5.329423e-01	2.266507e-02	7.516070e-01	4.863210e-02
4.137520e-01	-2.117835e-01	1.765061e-01	8.696409e-01	-1.491386e-01	4.021749e-01	8.679483e-01	7.807811e-02
3.184705e-01	-1.584117e-01	2.160759e-01	-4.426924e-01	-1.194677e-01	-2.871056e-01	3.885154e-01	-7.485862e-01
1.485032e+02	5.213552e-01	9.042054e-01	-9.895676e-01	-2.051605e-02	2.947905e-01	9.366068e-01	2.143441e-02
2.130966e-01	-7.378803e-01	3.656193e-02	-3.443700e-02	-4.685636e-03	-4.179467e-01	1.288497e-01	-5.738177e-02
-1.369312e-01	-4.633610e-01	4.689618e-01	-7.016786e-01	4.389932e-01	2.010617e-01	4.804402e-01	7.553233e-01
-7.517322e-01	1.297504e-01	-2.293072e-01	-8.502516e-02	5.462381e-02	2.466590e-02	1.008315e-01	-5.987009e-01
-7.372964e-01	3.547041e-01	-5.891642e-01	7.576215e-03	-1.951022e-01	-3.755558e-01	2.544593e-02	6.605625e-01
-9.207760e-02	1.629025e-01	-1.997807e-01	-3.908923e-01	3.733329e-01	4.496572e-01	-8.279089e-01	-2.866819e-01
4.187854e-01	-2.872773e-01	-4.178102e-01	-7.885959e-01	-5.326339e-01	7.720188e-04	-1.038282e+00	-1.986187e-01
8.804649e-01	-6.252331e-01	5.775944e-02	-4.377226e-01	9.357305e-02	4.828877e-01	8.562868e-02	-3.794896e-01
-4.340620e-01	3.755374e-01	-3.284573e-01	-3.003232e-01	4.057477e-01	-3.193811e-01	-4.005417e-01	-1.992759e-01
-3.370523e-02	5.667711e-01	5.202158e-02	2.146804e-01	1.863485e-01	-4.248660e-01	6.317998e-01	2.946499e-01
4.903093e-01	-2.118253e-01	-1.244770e-01	-2.485939e-01	-1.558389e-01	-4.866833e-01	1.083506e-01	-1.555831e-01
3.852561e-01	3.072052e-01	4.712328e-01	6.601686e-01	3.646992e-01	3.993434e-01	9.097099e-02	6.248160e-01
6.291966e-02	9.862024e-02	9.039244e-02	-7.603956e-01	-6.745491e-01	4.811022e-01	1.310423e-01	-4.159401e-01
-5.933849e-01	-2.734643e-01	-1.373509e-01	-2.048329e-01	-1.237890e-01	-1.249988e+00	-3.213221e-01	-7.812779e-01
-3.847516e-01	-1.425525e-01	5.619027e-01	1.832257e-01	8.508755e-02	-2.050068e-01	3.037318e-02	3.486155e-01
-4.791078e-01	-8.980896e-01	-8.597396e-01	-3.418911e-01	-2.278201e-01	3.024929e-01	2.594867e-01	1.674945e-01
1.393937e+02	-1.382112e-01	1.390554e-01	2.872273e-01	4.962864e-01	-3.233917e-03	3.238086e-02	-4.095889e-02
-1.979787e-01	-2.237933e-01	-2.049827e-01	8.270318e-01	8.694694e-03	4.287473e-01	2.595520e-01	-3.100158e-01
2.364776e-01	6.390285e-01	-3.946555e-01	2.638716e-01	1.174556e+00	5.850043e-01	-4.227831e-01	-6.108595e-01
-3.270772e-01	1.748105e-01	-5.687305e-01	-1.599488e-01	5.739513e-02	1.120036e-01	1.978856e-01	-8.510172e-01
5.307428e-01	-5.833326e-01	-8.126739e-02	1.515414e-01	-7.568180e-02	3.665718e-01	-5.335307e-01	-1.953665e-01
-3.464254e-01	7.819062e-01	-5.519791e-01	-2.883425e-01	2.212074e-01	1.488644e-01	6.462176e-01	4.688542e-01
-6.343842e-01	1.758471e-01	-1.030081e+00	1.583424e-01	-2.689217e-01	-3.407550e-01	-2.534444e-01	4.938573e-01
1.322161e-01	-8.138562e-01	4.301162e-01	3.489932e-01	1.168036e-01	1.418554e-01	7.661310e-02	3.499577e-01
-2.677334e-01	6.691770e-01	-2.974374e-01	-2.798509e-01	2.948369e-01	-5.046610e-01	-1.164084e-01	1.281901e-01
-6.009545e-02	-4.142683e-01	-7.119858e-01	3.233712e-01	1.870698e-01	8.092296e-01	2.676769e-01	1.599457e-01
-1.070975e-01	-1.596621e-01	-7.204968e-01	3.436642e-01	4.832123e-01	-4.674716e-01	-6.318621e-01	-2.772084e-01
1.891392e-02	-5.773923e-01	7.578309e-01	-3.445089e-01	2.905617e-01	1.141046e-01	2.460864e-01	-2.077732e-01
5.733637e-03	3.015917e-01	-5.029083e-01	-3.280458e-01	8.833138e-01	4.473358e-01	4.444402e-01	1.011915e-01
-3.326712e-01	-1.304068e+00	6.599141e-01	2.986275e-01	2.579191e-01	-4.605324e-01	-5.090969e-01	4.775494e-01
-7.174883e-01	3.585376e-02	6.063884e-01	1.816166e-01	-7.010079e-01	-2.066611e-01	7.755307e-01	-4.374110e-01
1.632769e-02	-1.689802e-01	2.297900e-01	7.294213e-01	2.648385e-01	-6.798860e-01	2.006907e-02	-6.846599e-01
1.339806e+02	2.225877e-01	-2.704004e-01	-5.710048e-01	-2.617937e-01	6.253348e-01	9.344075e-01	4.168921e-01
-3.273432e-02	1.237378e-01	2.160276e-01	-5.944344e-01	-3.394671e-01	-4.865928e-01	1.812932e-01	-7.933568e-03
4.437665e-01	-7.416357e-01	1.475409e-01	-6.936963e-01	-5.090927e-01	8.136415e-02	-2.500218e-01	-3.889196e-01
-7.028848e-01	-3.579972e-01	-4.903833e-02	2.058392e-01	3.152979e-01	1.783638e-02	-3.166023e-01	-1.942769e-01
3.488428e-01	7.458805e-01	-2.938554e-01	-5.789613e-01	-2.894871e-01	-1.295539e-01	-3.785580e-01	-6.990839e-01
3.722760e-01	-4.035440e-01	-5.032549e-01	-5.619471e-01	1.114442e-01	3.264109e-01	-6.057854e-01	4.225837e-01
3.718873e-01	-2.989130e-01	2.475145e-01	3.468993e-01	-4.829886e-02	1.353112e-02	4.600287e-01	-7.087048e-01
-1.985902e-01	-1.083171e-01	-1.302719e-01	-3.344345e-02	-6.544329e-01	-1.457707e-01	6.841650e-02	2.199212e-01
-3.986522e-02	3.586337e-01	1.686321e-01	1.378080e-01	-2.373609e-01	-2.541142e-01	2.471680e-01	-3.987706e-01
3.450103e-01	-2.397015e-01	-4.008791e-01	5.002802e-02	-6.038710e-01	7.900090e-01	3.291869e-01	1.967482e-01
5.283637e-01	-2.052208e-01	1.088624e-01	-1.172224e+00	2.475156e-01	3.364545e-01	3.474455e-02	3.323448e-01
-1.342198e-01	-2.175603e-01	-1.280318e+00	4.020674e-01	-4.419044e-01	1.401126e-02	-3.256559e-01	5.773708e-01
-8.528553e-01	-7.924226e-01	-3.078161e-01	-1.045683e-01	1.692768e-01	9.002395e-01	1.136527e+00	5.288313e-01
-6.911763e-01	2.180916e-03	4.618163e-01	-5.223541e-01	-2.805018e-01	-8.364133e-01	-5.396378e-01	-2.520531e-01
7.828438e-01	1.360803e-01	-2.846548e-02	3.101625e-02	1.185550e+00	1.305628e-01	-1.435377e-01	5.073103e-02
-5.601121e-01	-6.667011e-01	-3.982844e-01	-2.321096e-01	-2.732942e-01	-4.174014e-01	9.768939e-01	-3.366245e-01
1.387865e+02	1.664346e-01	-3.244966e-01	1.464551e-01	3.058966e-01	-3.848749e-01	-4.867776e-01	2.553460e-01
-7.574421e-01	-1.737517e-01	-5.418123e-01	-2.997918e-01	-1.544060e-02	-2.021513e-01	2.615296e-02	-3.487175e-01
1.800095e-01	3.447395e-01	-2.720260e-01	-5.841800e-01	1.287597e-01	9.675153e-01	2.108131e-01	-1.831194e-02
2.087555e-01	-3.208531e-01	5.144051e-01	3.470667e-01	2.863960e-01	-2.294961e-01	8.427083e-01	-5.173789e-01
1.196844e-01	-2.109187e-01	-3.849586e-01	-8.702126e-01	-2.442709e-01	6.113860e-01	-2.989250e-02	8.345961e-01
-3.978278e-02	-3.435782e-01	3.112909e-01	-8.941783e-02	2.009210e-01	-1.878746e-01	2.466725e-01	7.142320e-02
2.038607e-01	-4.818678e-01	-4.537644e-01	-8.489422e-01	1.449855e-01	-9.067890e-02	-7.156503e-01	1.522052e-01
1.340849e-01	4.769766e-01	6.112082e-01	9.400742e-03	3.790701e-01	6.078485e-01	-6.905423e-02	5.745654e-01
1.501785e-01	4.023945e-01	9.276209e-02	-3.500550e-01	-4.164448e-01	-8.142074e-01	-7.736844e-01	-4.285265e-01
-4.990961e-01	4.093475e-01	3.357259e-02	7.122378e-01	-2.535717e-01	-1.688713e-01	1.270138e-01	5.623545e-01
4.533142e-03	-6.216164e-01	-2.614204e-03	-3.008703e-01	-3.854431e-01	6.572255e-01	-4.051136e-01	-1.216358e-01
6.156687e-02	-1.862805e-01	-4.255353e-01	6.430899e-01	1.046114e-01	5.240234e-01	-4.088884e-01	-4.934363e-01
-3.994941e-01	-4.296495e-02	-1.728856e-01	4.639481e-01	9.387378e-01	-2.603473e-01	-2.862219e-01	-1.439174e-01
-5.934807e-02	2.365611e-01	-5.267045e-01	-1.019456e-01	-6.702498e-01	4.953101e-01	5.277216e-01	-3.797594e-01
-3.235480e-01	2.188528e-01	4.537433e-01	-4.229051e-01	4.383215e-01	-4.016099e-01	2.074269e-01	4.347508e-01
-6.856923e-01	4.616746e-01	-3.434096e-01	-1.253558e-01	2.038248e-01	-9.603007e-01	-4.114045e-01	-1.003586e-01
1.474507e+02	-1.444912e-01	-5.562403e-01	-6.191976e-01	-1.357392e-01	4.074432e-01	9.315107e-02	2.697138e-01
4.527545e-01	7.655278e-01	-1.507644e-01	9.146414e-01	5.003204e-01	7.420376e-01	3.398209e-01	8.850874e-02
6.607996e-01	-4.262804e-01	3.609369e-01	3.309232e-01	-1.864659e-02	4.552942e-01	3.921714e-01	-1.600447e-01
-1.494630e-01	7.070915e-03	2.067623e-01	-4.321499e-01	-6.579342e-01	4.082038e-01	1.885003e-01	-1.183857e-01
-4.896717e-01	4.070437e-01	-8.560797e-01	1.723000e-01	9.918607e-01	-1.199949e-02	-4.330550e-01	-2.266656e-01
1.072002e-01	2.346179e-01	5.020800e-01	-4.871254e-01	-9.892883e-02	1.092163e-01	-3.584371e-01	-2.931310e-01
5.866752e-01	-6.452109e-01	-9.895469e-01	-8.817551e-01	-2.954760e-01	3.091351e-01	5.115896e-01	-4.186059e-01
8.205593e-01	-2.193562e-01	6.952641e-01	7.276106e-01	-3.906127e-01	5.086445e-01	6.462466e-03	-5.264425e-01
-4.583257e-01	-1.849970e-01	-5.640651e-02	1.755900e-01	-1.216358e-01	1.428053e-01	9.019409e-01	1.843754e-01
3.751813e-02	-4.285313e-02	-2.833768e-03	6.190393e-01	3.665343e-01	9.721137e-02	1.542486e-01	-7.568736e-01
-4.737322e-01	2.096085e-01	8.140332e-01	1.643478e-01	8.040334e-01	-3.498113e-01	2.508451e-01	1.179254e-01
-7.715841e-01	1.019756e-02	-1.066128e-01	-4.549657e-01	-2.326038e-01	1.524217e-03	-7.289251e-01	8.771642e-02
-3.765254e-01	-4.505235e-01	5.875536e-01	-3.891683e-02	-1.227613e-01	2.550668e-01	7.134318e-01	-9.672748e-01
-3.800881e-01	7.720197e-02	-3.323149e-01	-5.079818e-01	2.295080e-01	-3.983209e-01	-3.289393e-01	1.413800e-01
-5.897309e-02	-3.851486e-01	2.253543e-01	-6.398064e-03	-3.168714e-01	-3.392560e-01	7.564861e-01	3.706501e-02
5.031937e-01	3.705328e-01	-3.008878e-01	2.886543e-01	-6.024260e-02	1.172068e+00	3.755719e-01	-8.118804e-01
1.430621e+02	3.833258e-01	9.773792e-02	1.102986e-02	3.596242e-01	-4.847086e-01	1.631338e-01	4.104310e-01
4.034675e-01	-4.835923e-02	-1.837822e-01	-5.335190e-02	-3.104369e-01	4.474310e-01	4.928018e-01	-4.174924e-01
1.421007e-01	2.304755e-01	5.029705e-01	2.119424e-01	1.135853e+00	-2.981771e-01	6.573342e-02	-7.356824e-01
7.446203e-01	5.945505e-02	1.753357e-01	-1.514911e-01	1.684256e-01	-2.906819e-01	1.121822e-01	2.625044e-01
2.423115e-01	6.537367e-03	2.272903e-01	5.629319e-01	6.476871e-01	5.857007e-01	6.094800e-02	-3.289687e-01
-3.209251e-01	1.603740e-01	-3.306977e-01	7.470256e-02	-3.752981e-01	-4.144907e-01	-8.011898e-01	3.168644e-01
-7.388344e-01	1.016666e-02	-1.039312e-01	5.450545e-01	4.375537e-01	-7.618454e-01	7.923779e-01	1.158661e-02
-4.795553e-01	1.268974e-01	-3.719834e-01	-4.247705e-02	-1.860217e-01	-1.143500e-01	-4.057912e-01	-7.297391e-04
1.496789e-01	-1.678913e-01	-5.817648e-01	-1.033631e-01	-2.232412e-01	1.460507e-01	2.979428e-02	6.483148e-01
-5.065607e-01	-2.523691e-01	-1.368664e-01	5.754366e-01	2.776597e-01	-1.147049e-01	1.551384e-01	-7.382483e-02
-4.318271e-01	8.968467e-01	1.896304e-01	4.058499e-02	1.480677e-01	-1.505991e-01	2.095199e-01	2.625191e-01
-9.733343e-02	-1.670973e-01	-3.158836e-01	4.058524e-01	1.791559e-01	4.419571e-01	-5.533506e-01	1.720708e-01
2.848520e-01	-3.698263e-01	8.400444e-01	-3.330506e-01	-9.694840e-02	-1.259470e-01	-7.338804e-01	-4.776594e-01
-2.517502e-01	6.259972e-01	3.081451e-01	6.789926e-01	8.398480e-01	1.091937e-01	-1.398895e-01	7.537479e-01
-8.031332e-03	4.820925e-01	4.232319e-01	-3.734364e-01	7.005724e-03	-5.174199e-01	1.500880e-01	-4.814327e-01
-8.312199e-03	1.299776e-02	2.360924e-01	4.891791e-01	1.918693e-01	4.164308e-01	-4.844869e-01	6.499250e-02
1.418283e+02	-1.184509e+00	4.354941e-01	-2.604009e-01	1.210443e-01	2.556890e-01	-2.769012e-01	3.648840e-01
4.671975e-01	-5.124178e-01	-5.194283e-01	-4.801452e-01	-7.807162e-02	-3.195007e-01	1.167895e-01	-1.534836e-02
-9.024236e-01	-8.396845e-02	-6.136912e-01	-1.681349e-01	3.969373e-02	-9.863202e-01	4.715921e-01	-4.141034e-01
7.777586e-01	-4.344211e-02	2.774164e-01	8.797008e-01	6.089794e-01	2.233207e-02	4.684522e-01	-4.081131e-01
3.677654e-01	-4.778439e-01	-1.942250e-01	-3.132423e-02	-2.003877e-01	1.409582e-01	-1.270401e+00	-2.268464e-01
-3.604625e-01	-1.362051e-01	-2.835764e-01	5.239592e-01	1.189250e-01	4.630480e-01	-4.356950e-02	-1.481876e-01
1.389705e-01	-1.886992e-01	2.588319e-01	3.129814e-02	1.066937e-01	-4.575690e-01	-1.022424e+00	2.922271e-01
-1.497743e-01	-6.075279e-02	-7.824522e-01	-2.790644e-01	-3.246326e-01	1.273854e-01	-5.269009e-01	5.813003e-03
3.626800e-01	3.194415e-01	2.292061e-01	-4.271882e-01	-4.890877e-02	-2.970628e-02	5.276692e-01	-2.029340e-01
-3.778422e-02	-5.439736e-02	3.757823e-01	4.177568e-01	2.071530e-01	-4.484297e-02	1.077855e-02	-1.998903e-02
5.859429e-01	-9.259671e-01	-8.713360e-01	-3.219829e-01	-1.852287e-01	-6.343246e-02	2.311092e-01	-2.107607e-01
-3.115958e-01	6.114926e-01	-3.455747e-01	3.510975e-01	3.879435e-01	9.146201e-01	1.117057e-01	-5.820124e-01
-9.416842e-02	2.032800e-01	-2.071840e-01	-1.533272e-01	3.170043e-01	9.839864e-02	-9.520098e-02	-3.735470e-01
-7.394037e-02	3.631168e-01	6.209346e-01	-2.566097e-01	-2.805945e-02	-3.018659e-01	7.215577e-01	-5.532019e-01
1.854501e-01	-1.999690e-01	-6.229945e-01	-5.691522e-01	5.885691e-02	-5.298923e-01	3.323808e-01	1.847090e-01
7.087798e-01	4.205222e-01	-8.126274e-01	2.367679e-01	-1.254505e-01	-5.610785e-01	-4.326803e-01	1.468413e-01
1.340914e+02	1.202381e-02	-5.232709e-01	4.013002e-01	-2.859255e-01	2.252200e-01	-1.531307e-01	2.915888e-02
1.927654e-01	5.732717e-02	1.851663e-01	1.618323e-02	1.033624e-01	6.197951e-01	1.401725e-01	3.292627e-01
-6.150470e-01	-8.793692e-03	5.108307e-01	-3.628185e-01	-2.139021e-01	-6.449038e-01	8.936488e-02	-3.630520e-01
-4.956324e-01	2.083024e-01	-6.412014e-01	-3.050060e-01	-6.428884e-01	5.815755e-01	-1.252335e-01	-9.825527e-01
-2.029524e-01	4.748670e-01	2.043054e-01	-1.727355e-01	-3.227550e-01	3.725845e-01	-2.264613e-01	6.978095e-01
5.474959e-01	3.947237e-01	-2.913262e-01	-3.275099e-01	1.612372e-01	3.142692e-01	-3.035129e-01	-2.966190e-01
4.424121e-01	3.038565e-01	-2.312462e-02	5.555657e-01	2.271728e-01	-3.670819e-02	-1.906591e-01	-1.429682e-01
-6.675367e-01	7.616465e-01	1.699070e-01	-7.524915e-01	-4.955085e-01	-1.054795e+00	-2.850025e-02	-1.148147e-01
-9.964677e-01	-4.524861e-01	-2.767520e-01	-1.574699e-02	2.775711e-01	4.279493e-01	-8.818550e-01	1.424689e-01
-3.882721e-01	8.774473e-01	2.401872e-01	-4.899839e-01	5.610298e-01	4.479166e-01	-4.773511e-01	-2.766927e-01
6.393128e-03	-5.500588e-01	-3.266555e-01	-2.768695e-01	-7.484611e-01	-6.150978e-02	2.634150e-01	5.512427e-01
1.655480e-01	2.190127e-01	3.405914e-01	4.403292e-01	1.910917e-01	2.812458e-03	-1.501756e-01	-1.977264e-01
1.724890e-01	3.055295e-01	5.457559e-01	-2.700211e-02	9.668512e-01	3.222597e-01	1.150443e-01	-5.791399e-02
-9.418122e-03	6.089533e-01	-8.062276e-01	-5.172028e-01	5.004068e-01	2.044023e-01	-5.080558e-01	1.351973e-01
-8.336296e-02	-1.017565e-01	3.040470e-01	-5.011932e-01	1.307250e+00	2.975603e-01	-4.725108e-01	-5.029665e-01
2.861299e-02	7.318794e-01	-5.358054e-01	-7.103977e-01	-3.521709e-01	-2.202064e-01	-1.871986e-01	4.244887e-01
1.357844e+02	2.701885e-01	-5.480873e-03	6.427504e-01	4.677362e-01	-1.342752e+00	-4.281849e-01	2.859355e-01
2.017990e-01	1.697775e-01	-2.232377e-01	-5.046627e-01	3.458057e-01	-1.318258e-01	3.108193e-01	1.161856e+00
-4.679810e-01	3.651394e-01	3.987867e-01	1.311520e-01	1.620454e-01	3.213943e-01	7.313814e-01	1.198582e-01
-9.176671e-02	-6.163018e-01	-2.139509e-01	7.984195e-02	2.299243e-01	-1.981634e-01	3.587411e-01	-7.545121e-01
5.526080e-01	2.648178e-01	-7.062257e-01	1.351299e-01	-5.204857e-01	-1.867737e-01	-2.121457e-01	5.502733e-01
-2.253036e-01	1.607373e+00	-1.839066e-01	-4.220308e-01	-2.401524e-01	8.608964e-01	-3.539215e-01	5.363929e-01
-4.916242e-01	-1.403913e-01	-4.829886e-01	-6.585487e-02	4.515827e-01	-2.229241e-01	-1.182023e-01	6.207432e-01
-3.369812e-01	-7.025415e-01	1.006724e-01	2.811014e-01	-4.527791e-01	-2.893441e-01	-4.041856e-01	-4.011456e-01
-3.502258e-01	7.733756e-01	1.666884e-01	5.435751e-01	2.370991e-01	-2.394883e-02	7.331334e-01	-3.825430e-02
-3.515647e-02	-1.137680e+00	-4.842513e-01	6.911328e-02	-9.287216e-01	6.851907e-02	3.525625e-01	2.743514e-01
-3.215061e-01	-8.110534e-01	-1.100426e+00	-5.420273e-01	1.346033e-01	5.087368e-01	9.141551e-02	-3.823050e-01
-1.161717e-01	-2.495249e-01	-1.612938e-01	3.846495e-01	5.714598e-01	2.962206e-01	-4.202249e-01	-4.859270e-01
-6.153956e-01	3.584980e-01	-2.684673e-01	1.959137e-01	4.514513e-01	4.099143e-01	-5.613286e-01	7.595606e-04
8.581212e-02	-3.521728e-01	3.111909e-02	4.330196e-01	-1.000899e-01	2.668590e-01	-1.134980e-01	1.776116e-01
-2.242752e-01	-5.383624e-01	5.912250e-01	1.448566e-02	1.044971e-01	-6.935690e-02	-4.961472e-01	3.179352e-01
-3.630324e-01	-1.967615e-01	-5.632290e-01	-5.920503e-01	4.206636e-02	3.651592e-01	3.426794e-01	-4.434281e-01
1.325484e+02	3.362208e-01	7.984497e-01	4.923785e-01	-7.000055e-02	-6.157633e-01	3.448204e-01	1.847939e-01
-4.653874e-01	-2.273837e-01	1.093279e-01	1.319643e-01	7.013498e-01	-5.991206e-01	-2.924036e-01	-2.167174e-01
2.362399e-01	2.331751e-01	2.349270e-01	-7.526185e-01	-2.853484e-02	-5.255000e-01	-4.433334e-01	3.843378e-01
1.292249e-01	-2.467488e-01	-1.190136e-01	9.584319e-02	-5.905470e-01	-8.636458e-02	-2.307455e-01	-5.817290e-02
2.925842e-01	-3.240880e-01	5.750133e-01	6.795211e-02	5.139439e-01	4.411564e-01	1.335085e+00	-4.787569e-01
2.988744e-01	6.277716e-01	4.708259e-01	2.042071e-01	6.433718e-01	3.129155e-01	-3.373659e-01	-8.811910e-01
4.164855e-01	8.406531e-01	-7.606441e-01	1.837250e-02	4.648370e-01	-9.151119e-02	-4.981661e-01	-9.948203e-01
-2.594099e-01	-2.598699e-01	-6.510615e-01	-1.606199e-01	-3.934356e-01	-5.226024e-02	8.704474e-01	-9.535132e-02
-9.331855e-01	1.221429e-01	2.030443e-01	9.599234e-02	8.541584e-02	8.017143e-01	1.586632e-01	-4.385206e-01
-6.807933e-03	-3.112338e-01	6.573070e-01	6.123615e-02	-9.302152e-01	5.109045e-02	-1.340618e-02	-3.331758e-01
-5.200627e-01	-2.298397e-01	-5.211600e-01	2.494558e-01	-6.809848e-02	-2.809921e-01	4.849468e-01	-5.846856e-02
-1.397254e-01	2.369438e-02	-1.812780e-01	-1.237854e-01	-3.767140e-01	4.152844e-01	4.754391e-02	-5.591693e-01
1.257915e-01	-2.195262e-01	-7.349517e-02	-3.427109e-01	3.561133e-01	-3.286638e-01	7.771967e-01	1.140521e-01
3.052670e-01	-2.563082e-01	5.605072e-01	5.192721e-01	5.153218e-01	5.134346e-01	-3.712707e-01	-4.589885e-01
3.263855e-02	1.860408e-01	-2.627841e-01	-1.915465e-01	-1.247767e-01	-1.583820e-01	9.074847e-01	5.351044e-01
7.877650e-01	6.797151e-01	3.973211e-01	-4.250588e-01	-5.147731e-02	7.909356e-03	2.193314e-01	-6.033059e-02
1.356726e+02	1.514538e-01	1.294247e-01	2.085363e-01	-8.295401e-01	9.978079e-02	1.051929e+00	-3.803133e-01
-1.014928e-01	-3.873700e-01	3.150929e-01	1.590412e-01	-4.973007e-02	4.037219e-01	1.647666e-01	6.971767e-01
-2.811057e-01	-5.842821e-02	-4.557242e-01	-3.640007e-01	-9.325185e-01	4.131707e-01	7.517789e-01	2.994604e-01
4.798590e-01	6.478533e-01	1.163094e-01	-8.586634e-02	-8.583070e-01	2.514726e-01	-2.024067e-01	9.494702e-02
8.934864e-02	-8.459946e-01	1.160621e-01	-1.384551e-01	1.296902e+00	-2.460685e-01	-1.557220e-02	-5.741770e-01
5.483195e-01	9.914894e-02	-2.122826e-01	6.804493e-01	-4.288453e-02	5.189591e-03	6.358404e-01	3.718114e-01
-1.507291e-01	-1.341662e-01	-6.333056e-01	-4.005829e-01	-2.898147e-01	-7.267583e-01	-2.518992e-02	-1.036043e-02
-9.761518e-01	-3.097080e-01	5.364188e-01	4.652259e-01	-7.043987e-01	1.522414e-01	4.736937e-02	-3.507457e-01
-1.274981e-01	3.968828e-01	-2.391703e-01	1.843509e-01	-3.911299e-01	2.765027e-01	6.157126e-02	3.826816e-01
-3.193360e-01	4.898703e-01	2.580977e-01	1.045991e+00	7.946150e-01	-2.094880e-01	1.199639e-01	-3.313072e-02
2.457416e-01	-6.416593e-01	9.467334e-01	1.951491e-01	1.427752e-01	3.715423e-01	-8.366735e-01	-2.599907e-01
8.265484e-01	4.133028e-01	-9.018799e-02	-4.132599e-01	3.367372e-01	-3.531339e-02	2.253994e-01	2.760832e-01
-1.116491e-01	-7.965714e-01	2.591912e-01	1.008578e+00	1.915714e-01	-6.005708e-01	2.887690e-01	-1.875462e-01
3.088146e-02	5.018950e-01	-8.265092e-01	-2.553228e-01	-9.104673e-01	-6.485137e-01	4.749267e-01	7.110578e-01
6.052757e-01	7.494877e-01	-2.625017e-01	4.258637e-01	5.325505e-01	-3.500366e-01	-2.314604e-01	3.971214e-01
-2.585508e-01	-1.507464e-01	2.350484e-01	6.120063e-01	4.337482e-01	-2.826164e-01	6.732930e-01	-8.522194e-01
1.388491e+02	1.011924e-02	-5.459374e-01	-1.489904e-01	-6.533257e-01	-6.633554e-01	-2.425472e-01	-5.164448e-01
3.889960e-01	-6.285178e-01	-3.253778e-01	-6.305036e-02	-1.783045e-01	-4.797423e-01	3.065243e-01	4.994700e-01
2.360800e-02	-1.622745e-01	2.012852e-01	-3.355305e-01	-1.244112e-01	-1.090862e-01	1.683756e-01	1.007104e+00
-2.906618e-01	-4.541754e-01	-4.501653e-01	-2.966772e-01	-4.101677e-01	-7.769245e-02	2.635132e-01	5.743513e-01
5.922747e-02	5.937841e-01	4.557710e-01	-2.991809e-01	-1.599834e-01	-5.153931e-01	-5.761656e-02	-3.524437e-01
-1.581131e-01	1.969568e-01	1.553772e-01	6.677996e-01	1.919912e-01	-9.625438e-01	-6.081298e-02	-5.793847e-01
-7.770261e-01	-7.598565e-02	5.654758e-01	-8.520498e-01	1.730352e-01	-1.370336e-01	-3.003370e-01	-7.246310e-02
-2.455441e-01	-3.434874e-02	6.036460e-01	8.463369e-01	1.678449e-01	-1.682978e-01	-5.817540e-01	-3.375300e-01
1.145461e+00	5.225920e-01	-7.563536e-01	4.474636e-01	1.011105e-01	1.110600e-01	5.493682e-02	-5.676620e-01
-3.519340e-01	-8.858930e-02	1.305065e-01	-1.057236e+00	-1.155195e-01	-5.656821e-02	-3.439109e-01	-1.297845e-01
1.956065e-01	-5.170941e-01	-1.372218e-01	-1.985143e-01	1.121457e-01	5.379271e-01	-9.358144e-01	-3.415394e-01
-3.149426e-03	7.874898e-02	-2.472940e-01	-2.244080e-01	-1.585372e-01	3.635581e-01	-2.020935e-01	4.885487e-02
-5.544588e-01	4.309611e-03	-5.357424e-01	5.837502e-01	-1.695418e-01	-3.348506e-02	6.100410e-02	-6.826674e-01
-1.876374e-01	6.016394e-01	5.272250e-02	-2.010944e-01	1.216299e-01	-1.549815e-01	8.966595e-02	4.014950e-02
-2.462232e-01	-8.418944e-01	-8.756598e-02	-1.010622e+00	6.874768e-01	-8.049293e-01	4.663065e-01	-2.467231e-01
5.725310e-01	4.369198e-03	2.488694e-01	7.621198e-01	2.080627e-01	-5.791623e-01	3.258183e-01	-1.115875e+00
1.316596e+02	6.401577e-01	5.040370e-01	7.978974e-01	6.433402e-01	-5.558989e-01	-1.620309e-01	-5.728575e-01
-5.734488e-01	3.439069e-01	-8.393076e-01	-5.948727e-01	6.708488e-02	-3.705590e-02	4.423861e-02	2.421735e-01
-3.597477e-02	2.148063e-01	-2.992552e-01	3.252687e-01	5.495336e-01	5.274642e-01	6.052357e-01	9.388846e-01
-7.264821e-01	3.813276e-01	3.664577e-01	3.103705e-01	2.545458e-02	8.470582e-01	-2.073651e-02	-5.169208e-01
6.787668e-02	1.837863e-01	1.834214e-01	-7.683576e-01	-3.611158e-01	6.184410e-01	5.978173e-02	2.814138e-01
-8.091226e-01	1.990425e-01	-2.473568e-01	3.855609e-03	-2.190093e-01	-6.411234e-01	5.945179e-01	-1.014839e+00
-2.712054e-01	-4.328191e-01	5.567884e-01	2.011805e-01	-3.441267e-01	-7.522753e-01	-1.023229e-01	1.121217e-01
3.610485e-01	-3.899043e-01	-4.015294e-01	5.846164e-01	-1.810818e-01	-9.365133e-01	-3.750394e-01	-2.144929e-01
3.597118e-01	-2.482233e-01	-9.756000e-01	1.487709e-01	-1.053225e+00	-1.380242e-01	-3.930624e-01	-2.203047e-01
6.821384e-01	5.033481e-01	1.556195e-01	7.177071e-01	9.271228e-01	-1.320557e-01	1.882807e-01	6.892487e-01
-4.986413e-01	1.636982e-01	-2.329523e-01	-3.089538e-02	-1.876614e-02	-1.144586e-01	1.746254e-01	-1.645187e-02
6.866762e-02	2.394030e-01	1.745980e-01	2.731402e-01	-2.024401e-01	-4.858751e-02	-5.448602e-02	-7.583803e-02
-2.894654e-01	-2.239669e-01	-2.997992e-01	6.472282e-01	7.815180e-01	2.683026e-02	6.170941e-01	-1.421225e-01
-2.747138e-01	-1.496571e-01	-4.379769e-01	4.024689e-01	-1.240255e-01	-3.401679e-01	1.492806e-01	4.785459e-01
3.931875e-01	3.364775e-01	4.152505e-01	-2.974898e-01	-6.467626e-01	-1.897060e-03	1.471944e+00	1.638312e-01
-5.165110e-01	1.004872e+00	7.705057e-01	-4.982666e-01	5.077873e-02	-8.216281e-01	4.384300e-01	1.796463e-01
1.367979e+02	-6.597002e-01	4.393738e-01	-1.762533e-02	-7.053748e-02	2.239051e-01	6.221280e-01	7.025102e-01
-5.682598e-01	-6.405843e-01	2.138759e-01	6.766572e-01	-1.863343e-01	1.282040e-01	8.404274e-01	3.289906e-01
-8.008219e-02	-5.285754e-01	-1.175391e-01	4.285123e-02	-3.100023e-01	1.027929e-02	-1.443796e-01	-1.959838e-01
-3.506408e-01	-6.933235e-01	3.182346e-01	8.625053e-01	-1.122346e+00	3.027575e-01	-3.123699e-01	-7.223047e-01
-1.616783e-01	-9.884434e-02	-8.523991e-02	1.165786e+00	-9.831481e-01	2.749366e-01	2.211883e-01	2.913893e-01
3.059381e-01	-6.095705e-02	-3.988856e-01	-7.789561e-01	-1.598632e-01	-6.314697e-01	1.264874e-01	4.134399e-01
3.036528e-01	4.497554e-01	1.840948e-01	5.851121e-01	5.904854e-02	-8.366534e-02	-2.523422e-01	1.263494e-01
3.853920e-01	2.991241e-01	-2.496540e-01	-8.252817e-01	-7.526328e-01	-4.261731e-01	-7.000427e-01	1.869594e-01
-2.920431e-01	3.676614e-01	3.074664e-01	2.790041e-01	-2.949002e-01	-2.769776e-01	7.820770e-02	2.542238e-01
2.242711e-01	-2.063573e-01	5.614795e-01	-1.935496e-01	4.560806e-02	2.433968e-01	5.936758e-01	-4.440942e-01
-3.047182e-01	-3.130352e-01	7.487071e-03	4.276963e-01	-8.797292e-02	-9.245891e-02	5.013856e-01	-1.101463e-01
-1.525218e+00	8.118969e-01	9.271636e-01	2.260673e-01	3.382345e-01	7.415262e-01	1.970546e-01	4.072336e-02
4.455627e-01	-3.873706e-01	-2.197906e-02	-5.083670e-01	1.072307e-01	5.715319e-01	-6.015847e-01	3.879563e-02
4.004325e-01	-7.670572e-01	5.256325e-01	-4.163602e-02	-6.153477e-01	3.564011e-01	6.170526e-01	6.659339e-01
3.586009e-01	3.768291e-01	-4.726850e-01	3.627893e-01	5.428384e-01	2.317469e-01	5.536358e-01	-4.264941e-02
-3.444109e-03	-3.246076e-01	4.336671e-01	-3.029334e-01	-1.607628e-01	4.988779e-01	2.569025e-01	3.267247e-01
1.384695e+02	2.908502e-01	2.558762e-01	-1.862731e-01	-2.035932e-01	-5.861167e-02	6.932722e-01	1.304615e-01
2.102443e-01	3.996560e-01	-9.295169e-02	-2.383613e-01	-6.660186e-01	-1.383948e-01	7.081637e-01	3.455181e-01
-2.399848e-03	9.443616e-02	3.099472e-01	-4.242939e-02	-2.682817e-01	2.267448e-01	-2.975093e-01	-3.011356e-01
5.986603e-01	3.841476e-01	-1.482048e-01	2.156342e-01	8.330720e-01	-1.456126e-01	-5.135650e-01	-2.926046e-01
-3.835537e-01	8.320294e-02	-8.250524e-02	1.966637e-01	-1.608896e-01	-6.203809e-01	-2.385816e-01	4.856669e-01
-4.413650e-01	-2.006745e-01	2.984068e-02	-8.421260e-02	-5.552018e-01	-3.122597e-01	2.484977e-01	2.746752e-01
-8.667362e-02	1.867700e-01	-1.680543e-01	3.213272e-01	1.785055e-01	7.764976e-02	5.339718e-02	-7.589431e-01
-4.786378e-01	1.037089e-01	2.616873e-01	-3.146695e-01	-1.206369e-01	2.042402e-01	-3.549865e-02	2.383508e-01
3.117186e-01	1.482806e-01	-1.995893e-01	5.392518e-01	-9.276904e-01	-4.431067e-01	-5.064241e-01	-9.967733e-01
2.156872e-01	-1.219597e-01	2.263457e-01	-6.385865e-01	1.599102e-02	5.783684e-01	-1.833292e-01	-2.429719e-01
-2.452715e-01	1.951577e-01	3.916502e-02	-2.797280e-03	-1.331144e-01	-1.568171e-01	1.414597e-01	-1.003310e+00
1.145692e-02	-3.295961e-02	-3.913193e-01	-4.171743e-03	-2.287189e-01	-8.647737e-01	-2.243600e-01	8.748845e-02
-1.959320e-01	2.837377e-01	4.427957e-02	2.282635e-01	1.074576e+00	-3.159935e-01	8.274751e-01	-6.439148e-02
7.121685e-01	1.963039e-01	4.566084e-01	5.914557e-01	2.134220e-01	2.694732e-01	9.725212e-03	3.543822e-01
-7.165734e-02	-5.050924e-01	6.274318e-02	4.975542e-01	-8.801797e-01	-1.158124e-01	-1.751962e-01	9.080570e-01
-7.852009e-01	-9.106506e-02	2.393417e-01	1.333042e-01	2.190667e-01	1.165102e-01	-3.553925e-01	4.898925e-01
1.438722e+02	-2.225553e-01	3.318133e-01	-4.354464e-01	1.038124e-01	-2.691870e-01	5.343992e-01	-2.973482e-01
-3.346041e-03	1.599029e-01	1.908889e-01	-4.674107e-02	-1.153806e-02	-1.615075e-01	1.175934e-01	-1.794643e-01
2.048219e-01	3.076885e-01	-2.997684e-02	7.959155e-01	-6.060551e-01	-3.558231e-01	6.941750e-02	3.124984e-01
-9.614030e-01	-1.841417e-01	6.598096e-01	1.107330e-01	5.379895e-01	1.937315e-01	6.488578e-01	1.122252e+00
-1.259817e-01	3.807810e-01	2.037451e-01	-7.545168e-01	-1.466235e-01	-5.336239e-01	-7.270254e-02	-1.068804e-03
3.670308e-01	-5.950164e-01	-9.362957e-02	-2.848871e-02	-1.108689e-01	-8.926292e-02	-7.743717e-01	1.335497e-01
1.297832e+00	3.072105e-01	2.952358e-01	-8.640189e-02	4.955786e-02	5.810905e-02	-6.581370e-02	-8.083578e-02
7.936527e-01	2.518039e-01	5.917161e-01	-3.063081e-01	2.074560e-01	-1.600470e-01	-1.138795e+00	5.022388e-02
-3.066066e-01	6.829325e-01	-9.652030e-02	7.299195e-01	3.000096e-01	3.748823e-01	-7.172633e-01	-4.984352e-02
4.261843e-01	-1.922664e-01	-6.296962e-03	-2.928362e-01	7.233323e-01	-1.367685e-01	4.776032e-01	-3.717511e-01
-2.630480e-01	-5.705835e-01	4.565727e-03	2.551078e-01	4.317600e-01	3.796257e-01	9.538015e-02	-1.568882e-02
-3.006254e-01	-8.940347e-01	4.531677e-03	3.109802e-03	2.392985e-01	9.102536e-02	-1.985435e-01	-3.794228e-01
-6.891554e-01	3.920540e-01	3.306593e-01	6.211244e-01	3.109251e-01	-3.129794e-01	-3.745772e-02	-5.616565e-02
-3.128351e-01	-2.768875e-01	3.252703e-01	-6.541454e-01	2.590413e-01	3.579346e-01	7.328308e-01	1.095502e+00
3.087671e-01	-7.152665e-01	7.147064e-01	-7.452160e-01	-8.089483e-01	3.313917e-01	5.627844e-02	-3.087856e-01
1.477600e-01	-4.497514e-01	-1.618494e-01	-8.322412e-02	-1.342011e-01	2.424592e-01	-6.070439e-01	-1.350141e-01
1.371941e+02	-4.221754e-01	-3.804461e-01	9.553328e-02	-2.469795e-01	-6.156016e-01	6.242072e-01	-6.580925e-01
2.334385e-01	7.533417e-01	8.682995e-02	6.710079e-01	1.894466e-01	-1.961283e-01	-3.106526e-01	-1.354246e-01
2.072780e-01	9.527940e-01	-4.048819e-01	3.152211e-01	1.498769e-02	-2.132693e-01	2.380333e-01	-1.691139e-01
6.919070e-01	2.391245e-01	-2.784842e-01	7.141863e-02	3.617813e-01	6.542176e-01	9.342609e-02	-2.908939e-01
-9.149941e-01	2.859777e-01	3.558115e-01	-3.046293e-01	-3.301140e-01	1.598270e-01	-4.418723e-01	-3.919631e-01
1.279163e-01	3.561751e-01	-1.257154e-02	-7.896697e-02	-7.366510e-02	7.954678e-01	1.345455e-01	4.628329e-01
3.527719e-01	8.281939e-02	-4.277431e-01	-6.913762e-01	-3.109178e-01	-2.964492e-01	-2.259719e-01	5.762492e-01
4.445088e-02	1.216194e-01	-7.478396e-02	-4.727670e-01	3.660763e-02	8.851612e-01	-6.086949e-01	-8.129150e-01
7.922903e-01	-5.172235e-01	-5.175252e-01	1.792394e-01	4.205234e-01	4.909256e-01	-3.752141e-02	-1.152617e-01
-2.600354e-01	9.841375e-01	7.674340e-01	-7.346745e-02	-1.063801e-01	-6.540527e-01	-5.205617e-01	-2.863938e-01
-4.351442e-02	-1.184024e-01	5.533237e-01	-3.289417e-01	5.991678e-01	-1.316710e-01	1.860616e-01	8.042629e-01
4.449296e-01	1.579374e-01	-3.089173e-01	-7.179249e-01	5.913059e-01	-1.747788e-01	4.317466e-01	2.119742e-01
-7.620873e-01	-7.700347e-03	1.186695e-01	5.708268e-01	-2.584970e-01	3.074782e-02	1.492610e-01	-1.024926e+00
-6.111157e-01	8.268075e-01	-8.973361e-01	-2.020146e-01	3.270486e-01	-2.976655e-01	-1.138184e-01	-7.154949e-01
3.649760e-01	1.138141e-01	-2.109989e-01	-4.196690e-01	3.504682e-01	-4.267865e-01	4.006165e-02	-4.035125e-01
3.382845e-01	8.599150e-01	2.186267e-01	5.043140e-02	-2.618014e-01	-2.041877e-01	-6.250177e-01	3.872109e-02
1.350900e+02	-7.644226e-01	-4.875210e-02	4.321928e-01	4.055070e-02	-8.475123e-02	-3.290146e-01	-3.333564e-01
-7.901577e-01	3.878899e-01	7.484498e-03	6.283334e-01	-6.291037e-02	-1.630972e-01	3.620385e-02	-6.674689e-01
-8.599665e-01	-4.763914e-02	7.632113e-01	1.472441e-01	-2.561251e-01	-1.350063e-01	-3.200323e-02	2.755135e-02
4.232068e-01	-3.620682e-01	6.299710e-01	-5.282482e-01	1.272210e-01	-6.983645e-02	-1.702266e-01	6.988961e-02
2.562699e-01	4.269429e-01	-3.644926e-01	3.790618e-01	-6.577830e-01	7.954543e-01	9.179989e-01	3.569670e-01
-1.388771e-01	1.025146e-01	3.731595e-02	4.895314e-01	7.734447e-01	-3.370786e-01	5.303546e-02	9.331353e-03
3.081826e-01	-4.692396e-01	3.298747e-02	-8.143817e-01	-4.150363e-01	4.470243e-01	-1.609894e-02	3.686618e-01
-3.690508e-01	-3.405268e-02	-4.943902e-01	1.582038e-01	2.773313e-01	3.991108e-01	2.411088e-01	-4.289182e-01
-3.965059e-01	3.697786e-01	-4.725059e-01	1.795583e-01	-8.013995e-02	-5.570620e-01	2.041942e-01	1.912809e-01
4.456093e-01	5.094514e-01	-4.283893e-01	-1.057555e-01	7.670240e-01	-8.244927e-01	2.826364e-01	1.575161e-01
-6.404362e-01	4.111294e-02	3.011708e-01	-3.178803e-01	1.132440e-01	-4.834239e-03	4.925847e-01	-1.115956e-01
1.294685e-01	-1.970453e-01	-2.266794e-02	-4.004243e-02	-6.489731e-02	-3.404780e-01	7.244846e-01	8.996585e-02
3.430521e-01	7.628504e-01	6.977480e-01	-2.445594e-01	-4.640484e-01	3.807418e-01	1.244902e-01	-9.718040e-02
-7.076408e-02	-1.961548e-01	-1.002472e+00	-3.962155e-01	-4.674295e-03	1.927994e-01	-1.437533e-01	-1.083894e-01
-1.702116e-01	-2.008521e-01	-3.481535e-01	6.516566e-01	-2.012323e-01	9.785248e-02	2.923128e-02	-5.826164e-01
-3.000022e-01	-1.679809e-02	-3.749270e-01	1.948243e-01	-2.271884e-01	-1.444331e-01	-7.846314e-02	5.537308e-01
1.324009e+02	-3.369234e-01	-1.241215e-01	8.626281e-01	-5.758614e-01	-9.022224e-02	-5.754699e-01	-4.394941e-01
-3.718371e-01	7.692332e-02	-5.810977e-01	7.199908e-01	-1.525883e-01	5.806850e-01	-2.026635e-01	-2.153391e-01
2.601984e-01	-2.751458e-02	3.686203e-01	8.835340e-01	5.168239e-01	-4.419403e-01	5.501195e-01	1.838708e-01
3.507398e-01	9.135665e-01	-1.904664e-01	-7.628814e-01	-1.456770e-01	-3.212076e-02	-1.855283e-01	-4.947127e-01
4.055016e-01	-2.256591e-01	-1.577567e-01	-2.565236e-01	2.462319e-01	1.560093e-02	9.709791e-03	-4.617799e-01
-4.777040e-01	-7.351116e-01	3.719862e-01	2.318195e-01	-2.152468e-01	-1.896838e-01	4.338164e-01	-1.544422e-01
2.775390e-01	-1.023304e-01	-3.096965e-01	-3.385070e-01	-6.042216e-01	5.366388e-01	1.372633e-01	5.484475e-01
-5.227677e-01	2.141869e-01	1.785069e-01	-3.446190e-01	-9.322062e-02	2.556046e-01	-2.622043e-01	9.759379e-01
-2.092649e-01	1.308501e+00	9.578497e-02	1.810702e-01	2.901512e-02	1.085808e-01	-4.205746e-01	1.017268e-01
-4.198533e-01	-5.077396e-01	9.608626e-01	3.987377e-01	-5.156423e-01	1.234769e-01	-1.141291e-01	-2.182109e-01
-2.548436e-01	-5.434921e-01	-8.322979e-01	2.449545e-01	-3.725337e-01	-3.212142e-01	6.759833e-02	-2.269159e-01
5.545649e-01	1.767837e-01	-4.927795e-01	-6.764711e-01	4.909927e-01	-3.736486e-01	8.538083e-01	-6.936577e-01
-1.197834e-01	6.211316e-01	-6.500613e-02	3.951536e-01	-6.667004e-01	-4.533029e-01	-1.958113e-01	1.278245e-01
-5.705572e-01	6.983933e-01	3.001083e-01	3.620052e-02	-3.357874e-01	-1.501056e-01	6.278143e-02	1.287975e-01
4.407656e-01	5.589066e-01	4.469549e-02	6.690983e-02	3.869759e-02	7.168347e-01	-2.315719e-01	3.567472e-01
1.386962e+00	5.868700e-01	1.464783e-02	2.892677e-01	-1.023841e+00	5.321176e-01	-6.523984e-02	-2.967697e-01
1.386812e+02	-4.522340e-01	4.786671e-01	-9.916985e-02	-2.938244e-02	-1.936529e-03	-1.046181e-02	-5.638558e-01
-2.076932e-02	-6.496034e-01	4.557227e-01	7.403144e-02	1.656258e-01	-9.107863e-01	-1.887152e-01	5.861852e-01
1.681582e-01	-4.177014e-01	4.500844e-01	-4.737528e-02	9.566216e-01	2.096778e-01	9.700588e-01	6.777148e-01
-6.392573e-03	-1.057567e-01	-1.097615e-01	1.870765e-01	-1.696806e-01	-4.438149e-01	-6.078128e-01	-9.172353e-02
1.528633e-01	-1.492413e-01	7.888173e-02	1.990298e-01	1.381133e-01	-5.772047e-02	5.118243e-01	-4.150149e-01
-2.931891e-01	2.007356e-01	1.871372e-01	5.956449e-01	-1.441268e-03	2.232805e-01	-7.404681e-01	-1.465898e-01
1.515855e-03	-5.571266e-01	-8.684627e-02	-4.625322e-01	-4.156111e-01	-9.796788e-01	7.387277e-01	2.849819e-03
9.325842e-01	9.592938e-02	-7.111325e-01	5.385694e-01	7.947385e-01	-1.284732e-01	3.353616e-01	4.072668e-01
5.409857e-01	1.023905e-01	2.079073e-01	-7.878540e-01	-3.527275e-01	-5.346855e-02	-1.878666e-01	3.492823e-02
3.470036e-02	-3.934281e-01	-1.882373e-01	-2.179487e-02	2.782725e-01	-5.233570e-01	-4.927348e-01	5.529608e-02
-3.101371e-01	-1.348817e-01	1.478353e-01	-7.898838e-02	1.327267e-02	1.107870e-01	-1.644191e+00	-5.146373e-01
-1.323544e-01	-2.229619e-01	6.502063e-01	1.292403e-01	-1.528832e-01	-7.057013e-01	1.041858e-01	-3.983364e-02
-3.968121e-01	-3.385156e-01	1.175900e-01	-2.571489e-01	-6.024858e-01	1.497569e-01	4.925781e-01	-2.955708e-01
-3.919535e-01	1.320971e-01	-4.786554e-02	-5.020690e-01	1.766480e-01	3.715952e-01	-4.762893e-01	-6.070652e-02
2.349848e-01	-2.293231e-01	1.437832e-01	4.311333e-02	2.606828e-01	-5.281566e-01	-2.332621e-01	-3.546559e-01
7.433898e-03	1.091031e+00	-3.771727e-01	-8.873103e-01	6.033563e-01	-4.713263e-01	5.752366e-02	7.713296e-01
1.323506e+02	-1.193828e-01	2.998968e-01	-1.062547e+00	2.841858e-01	-2.854939e-01	-2.658815e-01	-1.759241e-01
-2.482457e-01	7.656650e-02	2.186363e-01	3.285472e-01	9.062860e-01	2.539160e-01	-6.463559e-01	3.802452e-01
-4.925223e-01	-2.993220e-01	4.133003e-01	1.932401e-01	8.725066e-01	-4.245108e-01	1.392248e-01	-5.353953e-01
-3.765290e-01	8.188017e-01	4.511193e-01	4.470437e-01	-4.009375e-01	3.931415e-01	-4.271826e-01	-5.567107e-01
5.753152e-01	8.738312e-02	-5.104266e-01	-4.015877e-01	-3.725324e-01	4.798248e-01	4.154907e-01	-3.853961e-01
3.301357e-01	2.364923e-01	-9.817092e-01	-4.073403e-01	-4.210558e-01	-5.530697e-01	1.129599e-01	-1.085941e-01
-5.317749e-01	-2.247649e-01	3.661300e-01	3.628472e-02	2.791770e-01	-1.997433e-01	4.024652e-02	1.170739e-01
-3.040510e-02	-2.058541e-01	-3.589275e-01	-2.097914e-01	-4.493818e-01	1.466647e+00	8.832927e-01	-1.811352e-01
4.189960e-01	-5.057983e-01	-5.672369e-01	4.596917e-01	-2.818152e-01	-1.085767e+00	2.398607e-01	-1.073940e-01
-6.922057e-02	-7.976657e-02	6.585344e-01	-3.942732e-03	4.775492e-01	-2.695836e-01	3.651533e-01	-2.232653e-01
-2.597419e-01	1.560874e-01	2.663934e-01	4.426417e-02	8.047026e-01	3.305745e-01	8.071647e-01	2.718635e-01
-3.512771e-01	-1.709840e-01	-1.750945e-01	-4.885687e-01	3.888629e-01	-3.221629e-01	8.026081e-01	2.589174e-01
-5.160424e-02	8.622471e-05	6.911864e-01	3.335943e-01	-2.266770e-01	4.071792e-02	-1.997854e-01	1.339700e-01
-4.150327e-02	7.002229e-01	2.928800e-01	-5.558098e-01	-2.113970e-01	-6.175210e-02	-5.412288e-01	5.625211e-01
8.286320e-01	-1.259105e-01	-5.432229e-01	2.518900e-01	6.165315e-01	-7.014101e-02	-6.637153e-02	1.381690e+00
4.883271e-01	7.775686e-01	-2.932587e-01	-2.736900e-01	-1.396061e-01	-2.495004e-01	-3.882629e-01	1.777272e-03
1.421981e+02	3.036833e-01	-9.432021e-01	-1.287586e-02	-8.926723e-01	-8.422761e-01	7.628363e-01	-4.982721e-01
3.164091e-01	1.110967e-01	3.950746e-01	1.415044e-01	9.288434e-02	-1.513078e-01	-3.703518e-01	5.492645e-01
3.385179e-01	-2.207818e-01	6.650843e-02	1.515932e-01	-5.266517e-01	6.297505e-01	2.381309e-01	-9.995753e-01
2.844239e-01	8.487064e-01	3.160670e-01	1.455986e-01	-9.910336e-02	-1.259591e-01	5.076783e-01	-2.110189e-01
-1.216334e+00	7.709081e-02	-4.528603e-02	3.549885e-01	1.247080e-01	7.049298e-01	-9.957012e-03	2.180639e-01
-4.430532e-01	-5.958461e-02	-4.464559e-01	4.674926e-02	2.208963e-01	3.303683e-01	-5.034174e-01	-3.150707e-01
5.733339e-02	-2.308473e-01	-5.590942e-01	-7.900526e-01	-2.720563e-01	3.117668e-02	-1.055902e-01	-2.639042e-01
3.132626e-01	-8.963802e-01	-1.142416e-01	3.430471e-02	1.733598e-01	-1.768963e-01	-4.366448e-01	-6.170244e-01
-1.115039e-01	5.812728e-02	4.002551e-01	-1.504656e-01	-6.865787e-01	-1.674266e-02	3.627883e-01	-2.319621e-01
2.390103e-01	-1.210182e-01	8.338507e-01	-1.070371e+00	2.238026e-01	2.752598e-01	-2.526268e-01	1.150585e+00
4.162571e-01	-4.794314e-01	1.527577e-01	-1.380572e-01	1.992358e-02	-9.568623e-02	5.095704e-01	-3.495958e-01
-7.359428e-01	3.861964e-01	7.446529e-02	2.112721e-01	4.629906e-01	6.768132e-02	2.467571e-01	4.112286e-01
2.679452e-01	2.393138e-01	2.661370e-01	1.501503e-01	-2.169608e-01	-8.647013e-01	1.064554e-01	5.013225e-01
-1.190995e-01	-1.722345e-01	1.158910e-01	4.435675e-01	1.314561e-01	1.919641e-02	8.675185e-02	-3.319694e-02
5.932602e-01	3.573387e-01	-2.163291e-01	4.105066e-01	-1.744428e-01	-5.182287e-01	-3.511655e-01	-3.980600e-01
1.609418e-01	-5.101812e-02	-3.086667e-01	2.143469e-01	-1.447731e-03	-5.769267e-01	5.768408e-02	5.790726e-02
1.369075e+02	5.553019e-02	-2.004764e-01	-5.996973e-01	1.755088e-01	3.883711e-01	2.735116e-01	-1.774271e-01
-2.634130e-01	8.521118e-02	3.602199e-01	5.999036e-01	-1.315224e-01	1.338649e-01	-7.677543e-01	-3.242286e-01
6.856073e-02	1.137822e-01	1.280441e+00	-1.645511e-01	9.150073e-03	6.058399e-01	9.435804e-01	5.532595e-01
1.035540e-01	-4.949117e-01	-2.382455e-01	6.170181e-01	-9.067467e-01	3.035506e-02	-8.565249e-01	4.211491e-01
2.482813e-01	-9.610630e-01	9.118670e-02	2.494845e-01	-4.779018e-01	4.824534e-02	6.433076e-01	2.317891e-01
-1.265543e-02	-1.975920e-02	7.979131e-01	2.284724e-01	-2.552030e-01	4.941468e-01	-3.484621e-01	7.914875e-01
1.362262e-01	-1.912620e-01	-5.262996e-01	1.155487e-01	-1.743691e-01	-4.605362e-02	5.773642e-01	1.345209e-01
-7.081821e-01	-7.014386e-01	-4.574695e-01	3.106673e-01	-1.111026e+00	-9.253349e-01	7.018685e-01	5.485088e-01
-4.195818e-01	5.631327e-02	-2.005058e-01	4.245549e-01	-1.368772e-02	5.160236e-01	1.551761e-01	-4.285419e-03
-4.487501e-01	-3.490137e-01	-8.942583e-05	-4.614719e-01	7.356772e-01	1.508192e-01	-6.384263e-01	2.812035e-01
1.067505e-01	-1.127480e-01	4.263766e-01	-4.320315e-01	9.969128e-02	-4.491787e-01	6.988579e-01	5.862781e-01
-1.925801e-01	-3.269155e-01	-2.217730e-01	-4.661861e-01	1.175669e-01	-2.650379e-01	6.888337e-01	9.337407e-01
3.262608e-01	3.334017e-01	-1.687885e-01	2.208942e-01	9.834619e-02	-5.122179e-01	3.072799e-01	-6.228788e-01
-2.274148e-01	-6.927287e-01	2.107738e-01	-6.418091e-01	-1.922458e-01	8.036717e-01	-5.289752e-02	-2.384375e-01
5.334409e-02	-1.657521e-02	4.744432e-01	-9.043597e-01	-1.562102e-02	-2.616796e-01	6.316488e-01	-1.140043e+00
-5.018716e-01	-2.398379e-01	-9.787016e-01	1.736388e-01	-5.319489e-01	4.162211e-01	-9.688611e-02	1.020190e-01
1.380391e+02	-5.075987e-01	1.654669e-01	-9.587420e-01	1.058501e-01	1.659589e-01	2.308388e-01	1.329106e-01
1.566089e-01	-6.956060e-01	3.859016e-01	1.264970e-01	1.776691e-01	2.933460e-01	-4.333497e-01	2.228529e-01
-4.647998e-01	7.148200e-01	3.498487e-01	4.790939e-01	-6.393840e-01	5.765408e-01	-1.086332e+00	8.977812e-02
5.691755e-01	-5.792200e-01	-3.842797e-01	-9.894447e-01	1.065671e-01	-1.079101e-02	1.454157e-01	1.832790e-01
1.046638e+00	-7.857771e-01	-5.883150e-01	8.835818e-01	4.056866e-01	-3.781828e-01	-4.187824e-01	2.927414e-01
4.220801e-01	6.366169e-01	7.621611e-01	-1.796309e-01	-5.113646e-01	-3.067243e-01	-4.457910e-01	-1.533602e-01
2.546084e-01	-1.245575e-02	-5.891490e-02	7.014777e-01	-5.322263e-02	-6.140127e-01	-5.361696e-01	-5.411199e-01
-1.297230e-01	-2.057797e-01	1.114351e-01	-1.489089e-01	-2.570203e-01	1.419543e-01	-2.868808e-01	-3.751585e-01
-5.763498e-01	-9.685348e-01	-6.393598e-01	-1.961128e-01	-7.357989e-02	-1.788738e-01	-9.766959e-02	-8.678702e-01
1.280685e-01	7.866796e-01	-2.363711e-01	-9.403719e-01	5.921905e-02	-5.528824e-01	6.929105e-01	-4.425856e-02
3.485727e-01	-2.824378e-01	-1.646180e-01	-2.586287e-01	-4.207141e-01	2.896552e-01	6.756481e-01	5.801360e-02
-1.805279e-01	1.975348e-01	5.999951e-02	4.431513e-01	-3.503085e-01	-2.392384e-01	9.807759e-01	-7.094608e-02
-2.251498e-01	3.035400e-01	3.641970e-02	-5.939570e-01	2.550173e-01	-5.872707e-01	-5.705804e-02	-6.261386e-01
-9.186962e-01	5.662392e-01	1.354118e-01	5.273534e-01	4.975565e-01	-1.523285e-01	-5.016313e-01	1.114239e-01
-3.189041e-01	-4.055918e-01	-3.862438e-01	-1.134141e-01	2.186238e-01	-1.958632e-01	-7.271500e-02	-6.544083e-01
1.798255e-01	1.805970e-01	-1.192479e-01	-3.214688e-01	6.792670e-01	-1.922523e-01	8.008380e-01	-2.248485e-01
1.363960e+02	-5.029606e-01	-2.358022e-01	1.852572e-01	1.452909e-01	2.119031e-01	-1.944580e-01	-1.870785e-01
3.321682e-01	3.595888e-01	9.460973e-01	2.153506e-01	7.334321e-01	3.554118e-01	1.139905e-02	2.352556e-01
-6.158583e-01	-6.762147e-01	-9.005129e-01	5.473219e-01	-8.815971e-01	-5.522873e-01	-3.355436e-01	2.198367e-01
-2.844917e-01	2.984338e-01	3.606478e-01	-1.022292e+00	-6.441850e-02	4.562099e-01	8.998824e-01	-8.060185e-01
2.510411e-02	-3.432055e-01	2.118669e-02	3.118881e-01	-1.665800e-01	-6.631041e-01	-5.131515e-01	-7.600196e-02
1.477164e-01	-1.137673e-01	-8.933899e-01	2.245763e-02	-1.535685e+00	5.027170e-01	-4.522677e-01	3.388799e-01
1.916259e-02	4.805431e-01	-1.110818e+00	-1.830698e-02	3.462078e-01	1.574367e-01	2.883587e-01	5.616513e-01
5.380551e-01	-4.513863e-01	-7.310231e-02	9.134677e-01	4.129576e-01	-4.349209e-02	9.583151e-02	-1.195400e-01
-1.455178e-01	-2.441923e-01	5.514628e-03	3.324690e-01	1.213083e-01	8.396190e-02	1.535676e-01	6.348531e-01
-5.667424e-01	-1.932493e-01	6.155134e-02	1.607918e-01	2.489469e-01	3.411592e-01	2.887757e-01	-2.894579e-01
-4.667458e-01	-3.591702e-01	7.834151e-02	-6.795798e-01	-1.994792e+00	-2.137063e-02	-1.212620e-01	-2.414176e-01
8.576325e-02	4.297505e-02	-1.623039e-02	-2.589269e-01	1.131567e-02	9.604408e-02	6.271344e-01	5.647327e-01
4.040993e-01	5.839550e-02	-5.970265e-01	-2.127626e-01	4.638845e-01	-1.566055e-02	-2.839048e-01	-5.223744e-01
8.394423e-01	-2.070771e-01	-4.144216e-01	-2.096906e-01	1.424476e-01	8.336019e-01	1.104767e-01	1.234752e-01
1.856991e-01	-1.411539e-01	-1.709800e-01	-7.702179e-01	-2.233789e-01	5.901329e-03	-8.440580e-01	-8.359500e-01
3.006987e-01	6.926770e-01	8.333326e-02	6.195820e-01	3.434098e-02	-1.894126e-01	-2.259400e-01	1.551179e-01
1.413828e+02	1.937536e-01	-3.336946e-01	-7.408631e-01	8.664019e-02	-8.235447e-02	2.007500e-01	-2.509888e-01
5.165460e-01	3.887616e-01	-6.652801e-02	-8.168143e-01	2.904499e-01	-6.862463e-02	3.119488e-01	-5.461311e-01
2.339430e-01	-4.378307e-01	-1.995026e-01	-2.344687e-01	-4.209333e-01	-3.181949e-01	5.439542e-01	7.856752e-02
9.101874e-01	-4.004432e-01	-2.364725e-01	-2.023245e-02	2.510545e-01	-6.205609e-01	-5.538321e-01	-4.428856e-01
3.636823e-01	-3.851318e-02	-6.058440e-01	4.029493e-01	-5.439989e-01	4.719599e-01	-8.261692e-02	2.550104e-01
1.545467e-01	8.806436e-01	3.444462e-01	-2.757975e-01	4.028430e-01	5.749855e-02	7.934739e-01	-7.795620e-01
9.516900e-01	6.961366e-01	-4.940744e-01	-4.063452e-01	6.102427e-01	-6.422255e-01	-7.374550e-01	4.916847e-01
1.743647e-02	-1.696749e-02	-1.254508e-01	4.071202e-01	9.537465e-04	5.267573e-01	3.003509e-01	3.077970e-01
2.924472e-01	-1.686183e-01	-2.773557e-01	-2.581110e-01	1.255906e-01	-7.453599e-02	-4.633021e-01	1.403451e-02
1.581694e-01	4.340636e-01	-3.892734e-01	5.882059e-03	-4.894583e-02	4.125383e-01	-2.970401e-01	5.464878e-01
5.241039e-01	2.093925e-01	-3.798600e-01	-1.830098e-01	7.781937e-01	-3.152719e-02	5.746641e-03	-2.098029e-02
5.853680e-01	-2.054179e-01	1.772938e-01	-1.257450e+00	6.757238e-02	-2.183671e-01	2.240718e-01	-9.322396e-01
-4.776812e-01	3.082115e-01	-4.848451e-01	-3.443607e-01	-3.609820e-01	-1.135632e-01	-4.341363e-01	-5.852569e-01
3.049331e-01	-2.826896e-01	3.408927e-01	2.745614e-01	3.486940e-01	5.911955e-01	-2.364702e-01	-3.426708e-01
-4.184083e-01	-2.637851e-01	-3.579453e-01	1.824095e-01	3.237405e-01	-1.216063e+00	-7.986695e-02	7.949396e-01
8.042198e-01	-4.868726e-01	4.547060e-01	2.631058e-02	-8.580988e-03	-2.773742e-01	-2.837373e-01	6.661730e-01
1.391030e+02	-1.329001e-01	-2.643521e-01	7.728252e-01	1.787126e-01	1.258636e-01	-7.636058e-01	3.729230e-01
-3.910359e-01	-6.880615e-01	-4.710690e-01	-5.378534e-01	-3.608228e-01	4.229515e-02	2.835060e-01	4.777135e-01
2.990050e-01	2.066369e-01	6.896234e-01	7.859469e-02	2.909291e-01	-1.474168e-01	-5.590626e-01	-5.717190e-01
-1.093412e-01	-3.766705e-01	-6.609480e-01	1.957337e-03	-5.456614e-02	-1.587428e-01	7.599475e-01	-9.685831e-02
1.850926e-02	-3.025592e-01	2.525972e-01	-9.550714e-02	-7.337649e-02	-7.311742e-01	-1.627571e-01	9.948625e-02
1.614256e-01	-6.435825e-03	8.328361e-01	3.655386e-01	-7.074404e-01	9.796726e-01	-4.710045e-01	4.130353e-01
-5.751137e-02	-1.111793e+00	1.981871e-01	-3.448361e-01	-3.370081e-01	-4.865499e-01	-5.478024e-01	6.379862e-01
-4.688443e-01	-7.240233e-01	-1.072283e+00	-2.118342e-02	6.238079e-01	7.626660e-02	-3.337141e-01	-5.251114e-02
2.486533e-01	2.904192e-01	-2.289215e-01	3.892402e-01	1.198772e-01	1.385763e-01	-1.797870e-02	3.015126e-01
1.086101e-01	8.384262e-01	-3.466752e-01	4.927460e-01	4.178187e-01	2.955879e-01	2.070845e-01	2.528035e-01
-1.598693e-01	3.278285e-01	-1.617963e-01	-2.545049e-01	6.260954e-01	4.388729e-01	6.176683e-01	4.553878e-01
8.921501e-02	-6.166542e-01	-2.343163e-01	6.017934e-01	4.561430e-01	3.360012e-01	1.859415e-01	-3.810668e-01
6.728812e-01	-9.609035e-02	-4.954092e-01	-7.869124e-01	1.400180e-01	-1.433563e-02	6.193123e-02	-7.023332e-01
-2.059130e-01	2.840243e-02	-4.534558e-01	-7.428548e-02	-3.196192e-01	-2.471597e-01	-3.703357e-01	2.531927e-01
6.286963e-01	3.214148e-01	-1.298978e-02	5.650350e-01	7.078097e-02	6.771058e-01	-1.019092e-01	-6.782071e-01
-2.015779e-01	-2.738105e-01	-7.244006e-02	2.307625e-01	1.650203e-01	-3.297899e-01	-5.985557e-01	-1.613495e-02
1.352135e+02	-1.187344e-01	3.375211e-01	-2.518786e-02	-3.653275e-02	-4.285299e-01	1.710306e-01	7.055819e-02
-2.015353e-01	1.481612e-01	6.984563e-01	1.520602e-01	2.227052e-01	-8.831006e-01	3.226617e-01	-7.024298e-01
-9.473226e-01	4.461383e-01	-3.199591e-01	-9.731344e-01	6.109766e-01	7.800270e-01	5.002505e-01	1.601691e-01
-8.725427e-02	-6.661232e-02	7.646816e-01	-4.357950e-01	4.086753e-01	-7.588775e-02	-9.258043e-02	-3.018621e-01
6.269075e-01	-7.149779e-01	-5.253081e-01	2.352286e-01	-2.732884e-01	1.671842e-01	-2.377015e-01	-5.582797e-02
-3.487535e-01	1.985822e-01	-2.205603e-01	-2.322120e-01	-2.120776e-02	1.191745e-01	5.640992e-01	4.813492e-01
8.098724e-01	-2.455356e-01	1.591999e-01	-2.028073e-01	7.827068e-01	1.570884e-01	7.874916e-01	2.731766e-01
-4.758262e-01	-6.793150e-01	1.487828e-01	2.738529e-02	-3.463586e-01	6.957215e-01	-3.631949e-03	2.502563e-01
3.398278e-01	3.111711e-01	-3.082655e-01	-4.195195e-01	2.432539e-01	6.977982e-01	1.182328e-02	-3.110749e-02
-2.583204e-01	8.012658e-02	-2.257039e-01	1.398811e-01	2.249116e-01	1.855751e-01	4.161466e-01	6.052248e-01
-1.337702e-01	8.242790e-02	-1.165331e-01	-2.304535e-02	1.832659e-01	-1.703551e-01	7.443682e-02	3.791376e-01
1.295911e-02	5.702446e-01	1.301990e-02	-1.332587e-01	-2.197244e-01	3.369268e-01	5.569250e-01	-1.482365e-02
2.769421e-02	-1.036918e+00	5.801527e-01	-9.396287e-01	-3.652114e-02	5.646520e-01	1.828707e-01	-3.417112e-01
7.768470e-01	3.581548e-01	-8.833183e-01	9.829618e-02	-8.289286e-01	4.328763e-01	3.472572e-02	-3.428910e-01
5.192486e-01	-2.019826e-01	4.074909e-01	-3.301833e-02	-2.926632e-01	3.286856e-03	2.289120e-01	-1.582595e-01
-2.252158e-01	5.854823e-02	-8.016335e-01	-5.240039e-01	-6.805514e-01	-6.218734e-01	-1.784599e-01	-9.034688e-01
1.306016e+02	-2.701175e-01	-1.702977e-01	6.014834e-01	5.629736e-01	-1.366410e-01	2.907841e-01	-4.362652e-01
-1.876825e-01	2.450818e-01	1.814194e-01	6.972239e-01	-5.547671e-03	5.537331e-02	2.866987e-01	-6.505712e-01
5.681800e-01	-9.707050e-01	-5.194603e-01	1.716175e-01	-2.323221e-01	-4.516832e-01	-4.088810e-01	5.408510e-01
-4.178767e-01	-4.469161e-01	-3.019156e-01	3.706709e-01	3.685020e-01	1.323300e-01	2.878131e-01	-3.651385e-01
-4.979694e-01	-9.677192e-02	6.211420e-01	-1.503291e-01	-1.702065e-01	-5.087748e-01	-2.040250e-01	-7.238084e-01
7.517293e-01	-2.518209e-01	7.570242e-03	-2.669814e-02	-4.910296e-01	3.641612e-01	-1.548292e-01	8.198041e-02
1.526697e-02	7.163561e-01	4.106768e-01	-7.035823e-01	-3.032119e-02	-6.050046e-01	4.748320e-01	3.759998e-02
-4.284212e-01	-1.007471e-01	-7.809412e-01	5.573750e-01	2.323662e-01	-2.533028e-02	-3.876769e-01	6.908988e-02
8.130589e-03	-2.579896e-01	-5.537101e-01	3.380078e-02	5.301026e-01	5.008865e-01	-2.032943e-01	-6.729845e-01
-1.388140e-01	-5.637725e-01	-6.428379e-01	3.144190e-01	3.415073e-01	6.564590e-02	-2.861566e-02	-2.697280e-01
-5.752681e-01	5.338829e-01	4.991372e-02	3.339759e-01	5.595555e-01	7.632466e-01	1.555392e-01	-3.724300e-01
3.584013e-01	9.099261e-02	1.726717e-01	3.344516e-01	1.342219e-01	-2.948436e-01	-2.015829e-02	2.983962e-01
4.699093e-01	3.651138e-01	-5.235479e-01	-2.064854e-01	7.661425e-02	8.791676e-01	-7.605985e-01	-8.133000e-01
-9.615791e-02	-3.517689e-01	-2.937182e-01	7.335697e-01	-2.169161e-01	-6.650858e-01	-2.299227e-01	5.185387e-01
2.228241e-03	-1.357884e-01	-4.101876e-01	-9.046659e-02	-3.348585e-01	-2.369245e-02	4.121435e-01	3.404250e-02
-2.245041e-01	-2.045786e-01	-2.819620e-02	-4.760430e-01	-5.633552e-01	2.197377e-01	-2.968729e-01	-5.536589e-01
1.262588e+02	-5.917605e-01	-1.352898e-01	-6.356982e-01	2.086614e-01	3.911115e-01	-6.129439e-01	2.526493e-01
3.459494e-01	2.472489e-01	2.093833e-02	-1.956554e-01	1.558176e-01	-2.564336e-01	-3.179387e-01	-1.756461e-01
4.332497e-01	-4.519963e-01	-2.611736e-01	3.421444e-01	-1.101382e-01	7.737313e-01	-3.066600e-02	-3.114132e-01
-1.030106e-01	-4.337166e-01	-2.874022e-01	-4.672722e-02	1.556868e-01	-8.233180e-01	-4.362095e-01	6.087869e-01
-3.648140e-01	1.902765e-01	8.567437e-01	1.563614e-01	4.697417e-01	-3.433699e-02	-1.386566e-01	-2.909803e-02
-2.769531e-01	2.176048e-01	-9.864734e-02	-9.407673e-02	5.081632e-01	-4.278850e-01	1.859771e-01	3.524337e-01
3.130937e-01	-2.785094e-01	9.679913e-01	-3.214460e-01	6.137484e-01	7.439350e-01	2.779695e-01	1.719109e-01
-5.171157e-02	1.075338e-01	4.664680e-02	-2.364741e-01	4.305907e-01	4.167207e-01	-3.266508e-02	-1.960852e-01
1.566253e-01	6.679337e-01	-6.622401e-01	-8.979314e-02	1.945536e-01	3.761990e-01	1.382426e-02	-4.077073e-01
4.939372e-01	-1.079578e+00	-2.616737e-02	-6.267877e-01	-1.365590e-02	-7.183769e-01	-8.506237e-01	-9.420235e-01
9.163283e-02	6.674718e-01	-1.729629e-01	-6.842707e-01	-1.480274e-01	-9.638907e-01	4.268981e-01	6.043362e-01
-4.819145e-01	8.177343e-01	-5.601226e-01	5.950866e-02	-3.931839e-01	4.210978e-01	1.348649e-01	-4.307486e-01
-5.029620e-01	-7.753370e-02	-2.142617e-01	-1.322287e-01	-5.531373e-01	-3.015692e-01	1.852767e-01	4.059822e-01
7.288600e-02	4.476086e-02	-4.080276e-01	-9.492067e-02	-9.423565e-02	4.974137e-01	2.342262e-01	-7.880767e-01
2.551593e-02	5.297025e-02	7.622294e-01	4.788642e-01	6.573860e-01	-3.497733e-01	4.741177e-01	1.070329e+00
-3.057528e-01	2.781756e-01	4.104172e-03	3.039434e-01	3.288614e-01	-3.486410e-01	5.798873e-01	6.739907e-01
1.446851e+02	-2.621094e-01	-2.506115e-01	-4.043132e-01	2.487693e-01	4.030415e-01	-2.137084e-01	-9.155240e-01
-5.729523e-01	1.747290e-01	-3.102127e-02	-4.859314e-01	-2.130542e-01	6.489053e-01	-1.861439e-01	-2.667617e-01
4.821024e-01	2.017765e-01	1.893198e-01	-2.542932e-01	-5.154601e-01	-2.372390e-01	3.523704e-01	2.538685e-01
-1.972171e-02	-3.187906e-01	2.268917e-01	-2.771902e-01	3.666160e-02	1.537578e-01	2.201408e-01	-8.013287e-01
5.906920e-01	-4.654953e-01	3.695077e-01	1.185510e-01	7.374327e-02	-9.554710e-01	-1.905148e-01	-1.110482e-01
-3.954857e-01	3.752715e-02	-1.116469e-01	-5.581375e-01	3.356151e-01	4.269689e-01	-1.082791e-01	1.080355e-01
-2.604864e-01	-2.858912e-01	5.801936e-02	-2.355209e-01	-7.358004e-01	5.755669e-01	5.704295e-01	-1.848377e-01
-7.957714e-02	-2.741239e-01	-2.980406e-01	-1.909896e-01	8.570396e-01	-1.595316e-02	-1.272508e-01	-1.606448e-01
1.634150e-01	-7.309819e-02	3.197145e-01	1.855516e-02	2.050472e-01	-2.379732e-01	2.712897e-01	1.972205e-01
2.813231e-01	-9.558367e-01	-1.592876e+00	5.477153e-01	-3.840251e-01	-1.366891e-01	-1.449868e-01	-3.555638e-01
-8.365154e-01	2.880839e-02	-3.012039e-01	-4.346549e-02	-3.312086e-01	-3.116541e-02	1.298169e-01	7.594719e-01
5.760953e-01	6.025415e-01	1.190213e-01	-9.627787e-02	3.679095e-01	-6.746500e-02	-6.910243e-01	-7.151540e-01
-4.956786e-01	-6.984997e-01	-7.396429e-01	-1.499527e-01	2.261438e-01	-4.383491e-01	-2.289388e-01	-3.125097e-01
1.321009e-01	3.392574e-02	-1.642520e-01	-4.194087e-02	3.011969e-01	9.132141e-01	5.554989e-01	-4.450985e-01
4.158360e-01	-8.321902e-02	-1.243962e-01	1.181161e-01	-4.843078e-01	1.481077e-01	4.081042e-01	1.575720e-01
-3.092243e-01	-5.068443e-01	1.967078e-01	-2.606943e-01	-5.555491e-01	-9.118043e-01	4.778168e-01	-9.246346e-01
1.447203e+02	5.003827e-01	-4.125302e-01	-6.268437e-01	-9.190234e-02	-1.276173e-01	-1.604590e-01	-9.362267e-02
-3.240365e-01	2.931526e-01	2.100292e-01	-7.771794e-01	6.322940e-02	2.174545e-01	1.111535e-01	-4.255891e-01
-2.713943e-01	1.631255e-01	2.858642e-01	-8.353907e-02	-3.595782e-01	-6.546164e-01	6.720597e-02	-1.048980e-01
1.248055e-01	-2.419204e-01	-1.286141e-01	-6.409328e-01	2.601172e-02	-6.644486e-02	3.477047e-01	-2.338708e-01
-1.292187e-01	-1.063196e-01	-2.600045e-01	3.148127e-02	1.181491e-01	-5.568208e-01	2.745077e-01	-6.384758e-01
-7.902764e-01	-4.228814e-01	-9.057480e-02	-1.583085e-01	-6.247335e-01	-4.635138e-01	2.853625e-01	-6.108632e-02
5.392190e-01	7.422761e-01	-4.644670e-01	3.474627e-01	-3.905840e-01	2.414282e-01	1.966942e-01	4.409871e-01
-1.697763e-01	-1.760890e-01	-6.101207e-01	-5.799107e-01	-2.297451e-01	1.120757e-01	-4.032361e-02	-2.206400e-02
-5.068293e-01	6.992717e-01	-2.044373e-01	1.699616e-01	2.107877e-01	3.111015e-01	6.048613e-01	1.841856e-01
-4.952476e-02	-2.294340e-01	-4.265155e-02	-6.157816e-02	1.347276e-01	-2.988164e-01	9.275182e-01	5.056818e-02
-7.994277e-01	1.822085e-01	-4.262064e-01	-2.126369e-01	2.604673e-01	9.035674e-04	-1.015764e+00	4.481979e-01
3.525651e-02	-3.443776e-02	-5.393488e-01	-5.369258e-01	7.122484e-01	1.907329e-01	5.052373e-01	1.254536e-01
9.552594e-03	-9.754996e-02	-1.744437e-01	-1.212159e-01	1.423103e-01	-1.707373e-01	-4.724412e-02	4.716314e-02
-5.921356e-01	8.030785e-02	-2.545397e-01	-3.266492e-01	-5.039947e-01	-3.194513e-01	1.828762e-02	-5.133118e-01
-4.881399e-01	-2.746495e-01	-1.527588e-01	-5.133976e-01	-7.613389e-01	5.502880e-01	4.762492e-01	4.832579e-01
-2.579671e-01	-3.167636e-01	-3.434295e-01	1.526434e+00	-3.006931e-01	-4.372300e-01	-2.490499e-01	-2.520608e-01
1.332074e+02	-2.654286e-01	-8.407636e-02	1.521934e-01	5.382409e-02	8.335332e-01	3.228347e-01	3.181549e-01
1.270676e-01	3.378295e-01	-1.470242e-01	-9.575911e-02	3.389791e-01	-3.386879e-01	-1.064354e-01	4.219424e-01
-1.364543e+00	-2.233255e-01	-2.608100e-01	1.987409e-01	2.808116e-01	-1.148719e+00	-1.056246e+00	2.564930e-01
1.714065e-02	5.639726e-01	-2.192028e-01	3.782339e-02	-3.638097e-02	-2.236419e-01	1.960329e-01	-2.948149e-02
4.362095e-01	1.521661e-01	3.734627e-02	7.129541e-01	1.484246e-01	3.344603e-01	-9.851711e-02	-2.422504e-01
2.712430e-01	-1.960214e-01	-2.239414e-01	4.905831e-01	1.973345e-01	-4.426358e-01	-7.894730e-01	-1.130920e-01
5.916816e-01	-2.813167e-01	6.953048e-01	-1.281994e-01	-3.400282e-01	-9.201382e-01	1.555112e-01	7.989199e-01
9.770044e-02	-2.997863e-01	4.453420e-01	-1.166209e-01	3.859050e-01	4.881099e-02	1.183939e-01	-4.553630e-01
-2.973077e-01	-2.983627e-02	-3.856952e-01	3.650076e-01	-1.051681e-01	-8.125454e-01	1.990967e-02	-4.594663e-01
-3.843586e-02	1.561952e-01	1.662383e-01	-2.770407e-01	8.942644e-03	-1.261731e-02	4.860297e-01	7.359287e-01
-4.826995e-01	-5.723161e-01	-1.281045e-01	4.467817e-01	2.206928e-03	1.451688e-01	4.154325e-01	7.463822e-01
-5.864234e-01	2.303214e-01	4.655098e-01	9.963236e-02	9.053437e-02	1.194821e-01	3.051319e-01	-3.630161e-02
1.007377e-01	-2.950303e-01	5.667846e-02	-5.061481e-01	-1.920391e-02	-9.723625e-02	5.213183e-01	4.160791e-01
-8.826386e-02	-4.662760e-01	4.815134e-01	-5.443384e-01	2.760357e-01	3.713920e-02	8.309734e-01	8.223405e-01
-3.257306e-01	3.274304e-01	4.010289e-01	-4.425976e-01	-7.169569e-02	1.337887e-01	1.653217e-01	-2.966754e-01
-1.561775e-01	-6.542405e-01	1.949749e-01	-6.882383e-03	3.748069e-01	1.698545e-01	-5.853118e-01	1.630974e-01
1.415430e+02	-4.147869e-01	7.293070e-01	-2.346035e-01	-9.146799e-02	1.007647e+00	-8.646073e-01	6.497040e-02
3.593949e-01	-1.878733e-01	-4.542912e-02	-2.819459e-01	2.883174e-01	8.023269e-01	-1.536536e-02	-5.540635e-01
2.052831e-01	2.066178e-02	7.009597e-01	-4.592424e-01	-1.504903e-01	-1.392223e-01	1.875196e-01	3.527415e-01
-2.730508e-01	1.678290e-02	3.769331e-01	-9.659997e-02	6.175832e-01	2.486127e-01	-1.832185e-01	-6.401662e-01
8.721436e-01	4.225854e-01	-6.334902e-01	3.325263e-01	4.167567e-01	6.363406e-01	-8.572154e-01	7.452150e-02
1.172538e-01	2.961259e-01	3.768582e-01	-1.524755e-01	4.807110e-01	1.845153e-02	4.947977e-01	3.894292e-01
-2.524914e-01	2.182313e-01	2.976923e-01	7.455407e-01	-1.822282e-01	-1.190225e-01	-1.008334e+00	-7.239072e-02
-5.685789e-01	-2.172247e-02	-7.300347e-01	6.018348e-01	-8.952847e-01	-5.826584e-01	-4.169250e-02	2.575679e-01
-8.875372e-02	-6.001173e-01	-8.205982e-02	-8.834205e-01	7.531487e-01	3.807268e-01	-2.291630e-01	3.858083e-01
-5.206549e-03	2.344592e-01	-4.832551e-01	1.525927e-01	4.988704e-01	5.769434e-02	-2.823812e-01	2.292925e-01
4.723808e-01	3.138736e-01	2.295186e-01	9.668292e-01	-2.992516e-01	-8.659899e-02	2.323396e-01	-7.272084e-01
3.785199e-01	-4.079107e-01	-1.815408e-01	6.592387e-02	-1.246464e-01	5.349621e-01	7.226485e-01	3.811994e-01
6.094517e-01	2.755155e-01	-5.845860e-01	-4.859061e-01	2.957781e-01	-5.182253e-01	3.889708e-01	8.296672e-02
-3.635148e-01	6.090856e-04	-5.006662e-02	5.408265e-02	-3.397460e-01	-1.982838e-01	3.071177e-01	1.613727e-01
1.152942e+00	-1.002284e+00	-1.926000e-02	9.171447e-01	2.360364e-01	-3.385350e-02	-3.994527e-01	3.390437e-01
4.684765e-01	1.220139e-01	-2.218396e-01	-6.510471e-01	-1.765399e-01	2.311163e-01	-1.567072e-01	-3.054914e-01
1.445122e+02	1.539595e-02	-3.765019e-01	4.861600e-01	3.674261e-01	-1.582698e-01	3.384201e-01	2.816599e-01
4.279943e-01	3.059615e-01	-5.022702e-01	-5.278532e-01	1.569860e-01	1.300538e-01	4.291355e-02	2.716983e-01
-5.616890e-01	-6.865770e-01	-1.024284e-01	4.779516e-01	1.000944e-01	3.378507e-01	7.744146e-01	3.848872e-01
-7.710964e-02	2.531945e-02	-1.966257e-01	-4.007583e-02	6.560417e-02	-4.209346e-01	1.579741e-01	-2.508434e-01
-9.099880e-02	6.343412e-02	-6.216917e-03	2.193508e-01	-1.346963e-01	3.852148e-01	-3.211182e-02	3.663096e-01
7.149384e-02	-1.346111e-01	2.601546e-01	2.736031e-01	-7.268582e-01	-5.062670e-01	4.713064e-01	1.156894e-01
-1.523825e-01	-1.189428e-03	4.919045e-02	-1.703501e-01	-1.552215e-01	-6.422368e-01	-4.834991e-01	3.115905e-01
5.467760e-01	-1.381799e-01	7.975036e-01	2.226607e-01	-2.684867e-01	6.889372e-02	7.662079e-02	-1.233269e-01
-1.930520e-01	3.419151e-01	-1.868040e-01	8.573358e-01	1.886751e-01	-2.594137e-01	-4.675763e-01	-9.192078e-01
3.854544e-01	-3.061935e-01	4.953694e-01	1.829784e-01	-7.370936e-01	-3.181028e-01	9.231750e-01	1.641139e-01
-3.678696e-01	-1.578339e-01	2.789984e-01	-2.284632e-01	8.718361e-01	9.636484e-03	-2.331714e-01	-9.954337e-02
8.052680e-02	-1.154170e-01	4.966111e-02	-5.391901e-01	-1.020192e+00	6.947402e-01	3.028745e-01	-1.042118e+00
-7.800145e-01	-3.066666e-02	2.235481e-01	5.270920e-01	5.450428e-01	6.922307e-02	2.381219e-01	-3.844390e-01
-1.300507e-01	-2.279905e-01	-4.285532e-01	-3.793096e-01	-3.699897e-01	1.550998e-01	-9.259794e-02	3.759535e-01
2.982381e-02	-3.461377e-02	1.628630e-01	-8.585106e-02	-2.999885e-01	-1.038015e-01	-8.694647e-02	9.041062e-01
-1.463638e-01	-4.552610e-01	-8.519212e-01	-5.741240e-01	-6.322212e-02	1.451546e+00	2.752290e-01	-4.391302e-01
1.344789e+02	-7.226735e-01	-7.039325e-01	-5.205683e-01	-8.812570e-02	-6.376568e-01	-4.046692e-01	-4.309383e-02
-7.102700e-01	-4.940582e-01	5.621864e-01	2.146339e-02	3.244876e-01	-1.281568e+00	-2.661674e-01	4.722680e-01
-7.128067e-02	2.791475e-01	-4.016142e-01	-2.452194e-01	-7.201137e-01	5.643363e-01	-1.990623e-01	5.579684e-01
-1.118870e-01	-3.239007e-01	4.605405e-01	3.387058e-01	-4.016281e-01	2.923186e-01	-3.580108e-01	7.014340e-01
4.189657e-01	-1.139622e+00	-3.300378e-02	4.364708e-01	-5.057362e-01	5.582450e-01	-1.074599e-01	-2.215283e-01
-7.750936e-02	-1.770730e-01	1.623936e-01	-2.479087e-01	-6.080800e-02	1.127587e-01	-4.494102e-01	5.919361e-01
-6.816360e-01	-1.029804e-01	8.286458e-02	2.391932e-01	3.939865e-01	-9.026149e-01	-4.221732e-01	7.860536e-02
7.852789e-01	-3.996394e-01	9.137088e-02	6.000547e-01	3.367083e-01	1.770121e-01	-1.220536e-01	2.953486e-01
8.681840e-01	-3.708358e-02	-5.068000e-02	-7.435704e-01	2.517793e-01	2.092694e-01	4.105995e-01	-1.354174e-01
-2.687074e-01	-1.651768e-01	1.017121e-01	4.148970e-01	-4.998478e-02	-1.693197e-01	3.289173e-01	-8.278661e-01
5.067380e-01	-7.090791e-01	-1.133250e-01	7.324888e-01	-8.792331e-02	-8.802399e-01	3.402211e-01	-7.790485e-02
-4.128508e-01	-4.383975e-01	-1.267640e-01	6.813382e-01	1.626947e-01	1.118205e+00	-9.120893e-01	-7.354449e-02
3.470986e-01	-6.595810e-01	3.220544e-01	4.553461e-01	-6.600006e-01	6.541596e-01	-3.308388e-01	-4.474898e-01
-6.470282e-01	-5.043941e-01	-3.590901e-01	-6.648200e-01	-1.713078e-01	-1.319543e-01	5.615223e-01	5.603194e-01
2.822919e-02	-2.765792e-01	2.533909e-01	1.406543e-02	-2.760973e-01	3.331434e-01	-4.722195e-02	-7.218356e-02
2.190501e-01	-1.811172e-01	7.963920e-01	-3.459734e-01	-3.212871e-01	3.326198e-01	5.973677e-03	-9.717708e-02
1.335853e+02	-3.223299e-01	-7.986921e-02	-5.050095e-01	1.270712e-01	4.974274e-01	2.829129e-01	-2.671951e-01
-5.018683e-01	1.222636e-01	7.187135e-01	5.346665e-02	-6.127705e-02	6.498286e-01	-7.012587e-01	-5.561580e-01
4.636155e-02	5.521117e-01	1.835988e-01	-4.128800e-01	2.592108e-01	3.157861e-01	4.499968e-01	3.495916e-01
1.454371e-02	1.710733e-01	1.713677e-01	2.395398e-01	1.376860e-01	-3.514043e-01	3.637552e-01	-3.147750e-01
-6.527065e-01	3.818332e-01	2.754704e-02	-4.192802e-01	3.798135e-01	8.038941e-01	3.749811e-02	-1.293558e+00
-2.078391e-01	-1.201888e+00	3.926892e-01	4.587690e-02	-4.080284e-02	3.705331e-01	-1.157936e-01	2.793988e-01
8.536865e-02	7.070821e-01	5.647501e-01	-2.731309e-01	3.452489e-01	-3.581537e-01	-5.823396e-01	-8.687590e-02
3.224352e-01	2.946862e-01	-2.229280e-01	-5.315305e-02	-3.498652e-01	5.174702e-01	3.695581e-01	7.595236e-02
3.148545e-02	4.468546e-01	1.087162e-01	-1.977090e-01	1.715196e-01	6.430262e-01	1.155640e-01	8.949017e-01
-1.909698e-01	6.709328e-02	-3.997643e-01	-3.690427e-01	1.976606e-01	-5.842324e-01	-3.194485e-01	7.674334e-01
-8.843235e-01	-1.050362e-01	-3.026592e-01	-1.792769e-01	-8.860511e-01	4.836189e-03	2.528903e-01	3.620244e-01
-1.183461e-02	1.247174e+00	-3.885929e-01	-3.445678e-01	6.358135e-01	-5.358971e-01	4.316935e-01	3.979985e-02
-2.640482e-01	3.928141e-01	4.962179e-01	4.184955e-01	4.530425e-01	-2.240601e-01	-1.162349e+00	6.389389e-01
-1.566288e-01	-3.272547e-02	7.222065e-01	2.212390e-01	7.185943e-01	-1.632064e-01	-1.936063e-01	7.771765e-02
3.151289e-01	-6.101459e-02	-2.824318e-01	4.233539e-01	-5.603053e-01	2.552269e-01	-1.892717e-01	3.382080e-01
-7.798513e-01	-4.708604e-01	-5.053533e-01	9.521007e-01	-1.094306e+00	-4.273023e-01	7.237165e-01	5.667369e-01
1.345893e+02	9.908310e-01	1.155627e-01	1.453481e-01	-2.148118e-01	-1.107616e-01	4.449660e-02	-8.760665e-03
1.259488e-01	-2.238192e-01	1.836263e-01	6.312134e-01	-7.595459e-01	4.085272e-01	3.369742e-01	4.782779e-01
-2.937029e-01	1.149002e-01	6.405264e-02	-5.189034e-01	6.408034e-01	-1.969365e-01	-1.237334e-01	-3.751349e-01
6.022456e-01	1.705502e-01	-1.196814e-01	-6.041096e-02	-1.332731e+00	-1.907112e-01	-6.375932e-01	-1.300278e-01
7.089601e-01	-5.881575e-01	-8.694842e-02	-4.384426e-02	-6.042499e-01	9.830437e-02	6.406744e-01	1.546107e-01
6.733359e-01	-3.188040e-01	5.205684e-01	-8.381065e-01	-2.605346e-01	4.352987e-01	-4.225877e-01	-8.915917e-02
-5.819277e-01	-3.501396e-02	4.274996e-01	3.105612e-01	-1.704106e-01	-4.524642e-01	1.589350e-01	5.480874e-01
-3.041946e-01	-3.808731e-01	-4.574188e-01	1.680958e-01	-6.426031e-01	4.714844e-01	2.033198e-01	6.019041e-02
-3.386129e-02	-4.307721e-02	2.196625e-02	1.177907e-02	2.507676e-01	-5.513331e-01	-1.855450e-01	-1.313461e-02
1.288576e-02	8.388674e-01	5.655306e-01	-8.909853e-01	6.148658e-01	7.356686e-01	8.102950e-02	2.405704e-01
-2.595946e-02	1.029329e-01	-1.904669e-01	7.212134e-01	1.100424e-01	-3.763057e-02	2.461596e-01	6.486196e-01
1.473781e-01	1.618619e-01	2.401236e-01	1.220767e+00	2.632254e-01	-4.758859e-01	-2.125130e-02	7.739186e-01
4.504598e-02	1.027206e+00	7.183953e-01	8.976226e-02	-7.611469e-01	5.022000e-01	-8.856084e-01	1.321571e-01
1.967491e-01	-1.860384e-01	-3.414097e-02	5.799106e-01	-3.491502e-04	5.411061e-01	-4.664755e-01	2.568606e-02
1.348002e-01	5.562259e-01	6.853862e-01	-4.604524e-02	1.769124e-03	4.183247e-01	-4.886683e-01	5.198873e-02
3.356273e-01	-8.595025e-01	-6.242656e-01	-1.173031e+00	3.685299e-01	1.726484e-01	2.433839e-01	-3.027275e-01
1.363082e+02	6.948654e-02	6.217928e-01	-3.686812e-01	-6.460713e-01	3.805517e-01	-1.418930e-01	2.249453e-01
5.220029e-01	5.008770e-01	4.529613e-01	-1.117882e-01	-3.044092e-01	-1.242286e-02	2.789128e-01	4.664870e-01
-1.905442e-01	-3.182704e-01	3.054166e-01	4.215258e-01	4.663415e-02	8.642180e-01	1.407967e-02	7.023766e-01
9.151284e-01	-1.350617e-01	-4.035911e-02	-1.401905e-01	-1.604030e-01	9.249486e-02	-1.573155e-01	-7.879003e-01
-1.010188e-01	-1.175925e-01	2.151479e-01	-5.717780e-01	-3.444735e-01	-6.001269e-01	1.620213e-01	2.349550e-01
-5.315142e-01	5.802504e-02	6.738770e-01	2.414907e-01	5.925110e-01	3.361797e-01	5.483333e-02	1.633405e-01
-4.635097e-01	-5.636392e-02	-5.104959e-01	6.460705e-01	-3.986043e-01	-1.717257e-01	-3.654360e-01	-7.134448e-01
-4.414307e-01	5.618808e-01	-7.093285e-01	-4.989202e-01	-2.489268e-01	4.354086e-01	2.138984e-01	-3.227531e-01
3.547985e-01	-2.198426e-01	4.281980e-01	-8.764068e-02	-6.293563e-03	8.299423e-02	-3.739183e-01	-1.526672e-02
8.705353e-02	1.607672e-01	-3.765130e-01	-9.936568e-01	3.323039e-01	7.847317e-02	-5.200858e-01	5.653247e-01
-4.809962e-01	-5.610911e-01	3.920289e-01	1.080422e+00	-3.207118e-01	-4.820213e-01	5.721737e-01	-1.992168e-01
2.181401e-01	3.735865e-03	-3.120145e-01	1.096291e+00	3.263935e-01	8.568342e-01	4.716177e-01	-1.358280e-01
3.250686e-01	2.141333e-01	1.718002e-02	-1.133388e-01	1.610080e-01	4.761248e-01	-2.173971e-01	1.279614e-01
-9.374623e-02	-8.537680e-01	8.151818e-01	-1.208304e-03	6.756879e-03	-2.091221e-01	2.378433e-01	-2.518675e-01
-2.287009e-01	2.613074e-01	-2.594872e-01	-3.807673e-01	-6.273454e-01	-4.212100e-01	-3.853886e-01	-3.492286e-01
1.074025e+00	7.844328e-01	2.739144e-01	-8.179189e-02	9.654405e-02	-2.994719e-01	-1.275943e-01	7.750801e-01
1.324071e+02	-1.058233e-01	3.885125e-01	8.109481e-01	5.815673e-01	8.658173e-02	8.577067e-01	1.062681e+00
3.370925e-02	-3.871523e-02	-2.803908e-01	2.496131e-01	1.311914e-01	1.640772e-01	-1.105051e-01	2.883118e-01
1.556670e-01	-3.382022e-01	2.242635e-01	-5.869230e-01	5.562655e-01	-2.938663e-01	-1.780005e-01	2.358519e-01
1.787152e-01	2.460770e-01	1.809606e-01	-6.754972e-01	-5.280224e-01	3.705591e-01	-1.714674e-01	7.539266e-01
-5.084045e-01	5.054615e-01	4.039201e-01	-3.479314e-01	-3.589413e-01	1.448603e-01	-6.207954e-01	-5.126405e-01
-8.472786e-01	-7.122248e-01	-6.567568e-01	-3.980368e-01	-4.165405e-01	-2.073637e-01	2.548902e-02	3.631787e-03
-3.882425e-01	-6.648751e-01	-5.228034e-01	-5.325361e-01	2.218455e-01	2.064768e-01	-1.107521e+00	-1.809327e-01
-4.290549e-01	-4.643714e-01	-3.904755e-01	2.350288e-01	-2.227763e-01	1.172985e-01	-5.079826e-02	-1.595405e-02
-3.399127e-02	2.699283e-02	1.252546e-01	2.078492e-01	-8.246463e-01	-4.802329e-01	8.285812e-01	1.875592e-01
8.001679e-01	7.986034e-01	-3.702241e-01	-5.039533e-01	-3.187856e-01	-1.360269e-01	4.564045e-01	1.702759e-02
-1.281695e-01	-3.611626e-02	4.109785e-03	-1.038863e-01	4.877764e-01	6.922419e-01	-2.546386e-01	-4.002917e-02
-7.212866e-01	3.481906e-01	-1.476299e-01	-6.671332e-01	2.949581e-01	1.037961e-01	5.403883e-01	-8.407410e-02
4.204637e-01	5.942908e-02	6.286947e-01	3.804944e-01	2.220879e-01	-3.190546e-01	-5.287947e-01	3.535345e-01
-5.308583e-01	2.947898e-01	-2.153983e-01	6.924982e-01	4.643558e-01	-6.427419e-01	-4.843355e-01	-1.725633e-01
7.139742e-01	5.294820e-01	-2.326928e-01	-7.157045e-01	1.559947e-02	-2.742538e-02	-4.097767e-01	-4.623535e-01
-6.309995e-01	-4.517789e-02	-2.953666e-01	-9.632908e-02	8.129782e-01	4.986161e-01	-5.802720e-01	7.774112e-01
1.357958e+02	9.181442e-02	5.056871e-02	4.132605e-01	-1.461765e-01	1.433480e-01	1.406508e-01	3.136950e-01
-2.919904e-02	-6.882445e-01	4.596925e-01	4.533958e-01	-7.446159e-01	-2.760029e-01	7.100355e-01	8.260039e-01
1.461054e-01	-2.451814e-01	-1.636439e-01	-6.537699e-01	1.778334e-01	1.654823e-01	3.992932e-01	3.412448e-01
-4.248246e-01	-2.342108e-01	-5.596026e-01	-4.156934e-01	-2.743299e-01	5.372646e-02	-2.833351e-01	-9.895464e-02
-1.238650e-01	-6.837236e-01	-1.237067e+00	8.021061e-01	7.065436e-01	7.399029e-01	1.285595e-01	2.618765e-01
3.897627e-01	1.628141e-01	-2.867369e-01	5.760561e-02	7.910828e-01	-1.442926e-02	1.550105e-02	2.031051e-01
-2.167888e-02	2.819990e-01	-5.442798e-01	-1.518406e-01	7.289796e-01	-2.823040e-01	-9.396693e-01	5.227467e-01
-4.942310e-01	4.640369e-01	6.229094e-02	-6.034276e-01	1.107368e+00	-1.056813e-01	1.969807e-01	2.120297e-01
-2.962054e-01	3.584682e-01	-3.570366e-01	8.824116e-03	-9.454406e-01	-2.079313e-01	1.815435e-01	-5.304986e-01
